Start;End;Sleep quality;Time in bed;Wake up;Sleep Notes;Heart rate;Activity (steps);Stressful day;Drank coffee;Drank tea;Ate late;Worked out
2014-12-29 22:57:49;2014-12-30 07:30:13;100;512;:);;59.0;0;0;0;0;0;0
2014-12-30 22:42:49;2014-12-31 07:13:31;98;510;:|;;57.0;0;0;0;0;0;0
2014-12-31 22:31:01;2015-01-01 06:03:01;65;452;;;;0;0;0;0;0;0
2015-01-01 22:12:10;2015-01-02 04:56:35;72;404;:);Drank coffee:Drank tea;68.0;0;0;1;1;0;0
2015-01-03 00:34:57;2015-01-03 07:47:23;83;432;:);Drank coffee:Drank tea;60.0;0;0;1;1;0;0
2015-01-04 00:23:06;2015-01-04 07:37:09;78;434;;Drank tea;;0;0;0;1;0;0
2015-01-04 21:34:44;2015-01-05 04:53:34;78;438;:);Ate late:Drank coffee;57.0;0;0;1;0;1;0
2015-01-05 21:32:25;2015-01-06 05:00:03;69;447;:);Drank coffee:Drank tea:Worked out;56.0;0;0;1;1;0;1
2015-01-06 21:24:56;2015-01-07 05:00:02;74;455;:|;Drank tea:Worked out;64.0;0;0;0;1;0;1
2015-01-07 20:59:58;2015-01-08 06:19:20;81;559;:);Drank coffee:Drank tea:Stressful day;62.0;0;1;1;1;0;0
2015-01-08 22:58:18;2015-01-09 06:14:58;88;436;:);Drank coffee:Drank tea;58.0;0;0;1;1;0;0
2015-01-09 22:27:58;2015-01-10 07:29:00;77;541;:|;Drank coffee:Drank tea;65.0;0;0;1;1;0;0
2015-01-10 22:38:24;2015-01-11 07:28:59;89;530;:|;Drank coffee:Drank tea;65.0;0;0;1;1;0;0
2015-01-11 22:12:07;2015-01-12 06:20:29;78;488;:);Drank tea;53.0;0;0;0;1;0;0
2015-01-12 21:01:46;2015-01-13 06:13:23;100;551;:);Drank tea:Worked out;65.0;0;0;0;1;0;1
2015-01-13 22:14:29;2015-01-14 06:20:33;100;486;:);Drank coffee:Drank tea;55.0;0;0;1;1;0;0
2015-01-14 21:48:26;2015-01-15 05:02:05;88;433;:);Drank coffee:Drank tea:Worked out;60.0;0;0;1;1;0;1
2015-01-15 21:32:07;2015-01-16 04:54:42;87;442;:);Drank tea;60.0;0;0;0;1;0;0
2015-01-17 02:11:57;2015-01-17 09:03:37;83;411;:);Drank coffee:Drank tea;94.0;0;0;1;1;0;0
2015-01-17 23:55:16;2015-01-18 07:47:15;93;471;:);Drank coffee:Drank tea;57.0;0;0;1;1;0;0
2015-01-18 21:51:53;2015-01-19 05:04:18;58;432;:);Drank coffee;67.0;0;0;1;0;0;0
2015-01-19 21:45:19;2015-01-20 05:45:37;75;480;:|;Drank coffee:Drank tea:Worked out;54.0;0;0;1;1;0;1
2015-01-20 21:42:37;2015-01-21 05:45:22;80;482;:|;Drank coffee:Drank tea:Worked out;60.0;0;0;1;1;0;1
2015-01-21 22:34:35;2015-01-22 06:17:22;87;462;:);Drank coffee:Drank tea:Worked out;75.0;0;0;1;1;0;1
2015-01-25 20:55:02;2015-01-26 06:14:59;87;559;:);Drank coffee;58.0;0;0;1;0;0;0
2015-01-26 22:36:21;2015-01-27 06:11:49;83;455;:|;Drank coffee:Drank tea:Stressful day;66.0;0;1;1;1;0;0
2015-01-28 21:43:16;2015-01-29 05:20:42;76;457;:);Drank coffee:Drank tea:Stressful day;57.0;0;1;1;1;0;0
2015-01-29 22:23:40;2015-01-30 05:29:11;67;425;:);Drank coffee:Drank tea:Worked out;63.0;0;0;1;1;0;1
2015-01-31 00:13:46;2015-01-31 08:17:30;93;483;:);Drank coffee:Drank tea:Stressful day;62.0;0;1;1;1;0;0
2015-02-01 21:55:59;2015-02-02 05:09:06;64;433;:);Drank coffee:Drank tea;56.0;0;0;1;1;0;0
2015-02-02 22:30:35;2015-02-03 06:20:29;75;469;:);Drank tea;61.0;0;0;0;1;0;0
2015-02-03 22:47:33;2015-02-04 06:20:21;72;452;:);Drank coffee:Drank tea;61.0;0;0;1;1;0;0
2015-02-04 23:03:06;2015-02-05 06:10:44;70;427;:);Drank tea:Worked out;57.0;0;0;0;1;0;1
2015-02-08 22:30:34;2015-02-09 06:48:30;89;497;:);Drank coffee:Drank tea;61.0;0;0;1;1;0;0
2015-02-09 21:55:43;2015-02-10 06:13:22;85;497;:);Drank coffee;58.0;0;0;1;0;0;0
2015-02-10 22:20:46;2015-02-11 06:20:51;59;480;:);Drank coffee;60.0;0;0;1;0;0;0
2015-02-11 21:53:45;2015-02-12 05:30:25;67;456;:);Drank coffee:Drank tea:Worked out;57.0;0;0;1;1;0;1
2015-02-12 22:34:54;2015-02-13 05:24:22;69;409;:);Drank coffee:Drank tea:Worked out;53.0;0;0;1;1;0;1
2015-02-15 22:16:27;2015-02-16 05:20:44;74;424;:);Drank coffee;60.0;0;0;1;0;0;0
2015-02-17 00:02:30;2015-02-17 06:16:11;78;373;:);Drank coffee:Drank tea:Worked out;65.0;0;0;1;1;0;1
2015-02-17 22:20:00;2015-02-18 05:05:23;70;405;:);Drank coffee:Drank tea;55.0;0;0;1;1;0;0
2015-02-19 22:39:45;2015-02-20 06:20:14;77;460;:);Drank coffee:Drank tea:Stressful day;66.0;0;1;1;1;0;0
2015-02-21 00:31:24;2015-02-21 07:32:22;72;420;:);Drank coffee:Drank tea:Worked out;55.0;0;0;1;1;0;1
2015-02-21 22:54:00;2015-02-22 07:49:15;92;535;:);Drank coffee:Drank tea;56.0;0;0;1;1;0;0
2015-02-22 22:18:00;2015-02-23 06:20:17;87;482;:);Drank coffee;60.0;0;0;1;0;0;0
2015-02-24 22:30:11;2015-02-25 06:20:07;69;469;:);Drank coffee:Drank tea;62.0;0;0;1;1;0;0
2015-02-26 01:22:32;2015-02-26 07:16:32;65;354;:|;Drank coffee:Drank tea;;0;0;1;1;0;0
2015-02-26 21:42:32;2015-02-27 05:37:28;90;474;:);Drank tea:Worked out;61.0;0;0;0;1;0;1
2015-03-01 20:14:26;2015-03-02 05:44:08;88;569;:);Drank coffee;62.0;0;0;1;0;0;0
2015-03-03 21:47:16;2015-03-04 05:30:18;61;463;:);Drank coffee:Drank tea:Worked out;62.0;0;0;1;1;0;1
2015-03-04 20:53:47;2015-03-05 06:13:31;54;559;:);Drank coffee:Drank tea:Stressful day:Worked out;68.0;0;1;1;1;0;1
2015-03-05 22:29:33;2015-03-06 06:20:18;86;470;:);Drank coffee:Drank tea;58.0;0;0;1;1;0;0
2015-03-08 22:54:58;2015-03-09 06:20:12;69;445;:);Drank coffee;61.0;0;0;1;0;0;0
2015-03-09 21:28:08;2015-03-10 06:18:59;99;530;:);Drank coffee:Drank tea;67.0;0;0;1;1;0;0
2015-03-10 22:17:17;2015-03-11 06:18:56;82;481;:);Drank coffee:Drank tea;71.0;0;0;1;1;0;0
2015-03-11 21:39:44;2015-03-12 05:19:55;77;460;:);Drank coffee:Drank tea;63.0;0;0;1;1;0;0
2015-03-12 21:44:36;2015-03-13 05:20:52;72;456;:);Drank coffee:Drank tea:Worked out;60.0;0;0;1;1;0;1
2015-03-15 21:50:56;2015-03-16 04:51:22;82;420;:);;62.0;0;0;0;0;0;0
2015-03-16 21:48:42;2015-03-17 05:21:34;75;452;:);Drank coffee:Drank tea;54.0;0;0;1;1;0;0
2015-03-17 23:57:46;2015-03-18 08:01:27;91;483;:);Drank coffee:Drank tea:Worked out;62.0;0;0;1;1;0;1
2015-03-21 01:10:15;2015-03-21 08:00:08;74;409;:);Drank coffee;66.0;0;0;1;0;0;0
2015-03-22 23:07:46;2015-03-23 07:30:02;75;502;:);Drank coffee:Drank tea;65.0;0;0;1;1;0;0
2015-03-24 22:11:07;2015-03-25 06:19:05;84;487;:);Drank coffee;58.0;0;0;1;0;0;0
2015-03-25 22:00:06;2015-03-26 05:22:21;76;442;:);Drank coffee:Drank tea:Worked out;;0;0;1;1;0;1
2015-03-26 21:23:43;2015-03-27 05:26:51;92;483;:);Drank tea:Worked out;54.0;0;0;0;1;0;1
2015-03-30 22:30:48;2015-03-31 05:28:23;82;417;:);Drank coffee:Worked out;64.0;0;0;1;0;0;1
2015-03-31 22:17:15;2015-04-01 05:50:10;84;452;:);Drank coffee:Drank tea:Worked out;55.0;0;0;1;1;0;1
2015-04-04 23:13:30;2015-04-05 07:31:06;95;497;:);Drank coffee:Drank tea;;0;0;1;1;0;0
2015-04-06 21:22:37;2015-04-07 06:15:41;79;533;:);Drank coffee:Drank tea;55.0;0;0;1;1;0;0
2015-04-07 21:17:36;2015-04-08 06:18:55;100;541;:);Drank tea;51.0;0;0;0;1;0;0
2015-04-08 22:09:38;2015-04-09 05:02:01;81;412;:);Drank tea;52.0;0;0;0;1;0;0
2015-04-09 21:56:08;2015-04-10 05:23:08;80;447;:);Drank coffee:Drank tea:Worked out;;0;0;1;1;0;1
2015-04-10 23:51:30;2015-04-11 07:41:42;85;470;:);Drank tea:Worked out;;0;0;0;1;0;1
2015-04-11 23:16:56;2015-04-12 06:53:03;97;456;:);Drank coffee:Drank tea;52.0;0;0;1;1;0;0
2015-04-12 22:04:59;2015-04-13 05:41:13;84;456;:);Drank coffee:Drank tea;58.0;0;0;1;1;0;0
2015-04-13 22:19:39;2015-04-14 05:45:04;78;445;:);Drank tea:Worked out;57.0;0;0;0;1;0;1
2015-04-15 00:28:55;2015-04-15 07:30:14;81;421;:);Drank coffee:Drank tea:Worked out;63.0;0;0;1;1;0;1
2015-04-16 23:20:50;2015-04-17 06:20:07;82;419;:);Drank coffee:Drank tea;58.0;0;0;1;1;0;0
2015-04-17 23:50:04;2015-04-18 07:22:19;59;452;:);Drank coffee:Drank tea:Stressful day:Worked out;53.0;0;1;1;1;0;1
2015-04-20 22:37:59;2015-04-21 06:18:56;77;460;:);Drank coffee:Drank tea;58.0;0;0;1;1;0;0
2015-04-22 21:31:35;2015-04-23 05:11:23;77;459;:);Drank coffee:Drank tea:Stressful day;67.0;0;1;1;1;0;0
2015-04-23 21:46:46;2015-04-24 05:13:42;87;446;:);Drank coffee:Drank tea:Stressful day:Worked out;;0;1;1;1;0;1
2015-04-25 22:53:27;2015-04-26 07:53:35;100;540;:);Drank coffee:Drank tea;61.0;0;0;1;1;0;0
2015-04-26 21:51:16;2015-04-27 04:59:06;70;427;:);Ate late:Drank coffee:Drank tea;64.0;0;0;1;1;1;0
2015-04-27 21:35:56;2015-04-28 04:57:17;77;441;:);Drank tea:Worked out;59.0;0;0;0;1;0;1
2015-04-28 21:41:45;2015-04-29 05:00:17;53;438;:);Drank coffee:Worked out;59.0;0;0;1;0;0;1
2015-04-30 23:13:44;2015-05-01 06:06:21;77;412;:);Drank coffee:Drank tea:Stressful day;60.0;0;1;1;1;0;0
2015-05-01 22:20:45;2015-05-02 06:07:10;65;466;:);Drank coffee:Worked out;91.0;0;0;1;0;0;1
2015-05-05 22:23:26;2015-05-06 06:18:20;83;474;:);Drank coffee:Drank tea:Worked out;62.0;0;0;1;1;0;1
2015-05-06 21:47:25;2015-05-07 05:21:38;50;454;:);Ate late:Drank coffee:Drank tea:Worked out;59.0;0;0;1;1;1;1
2015-05-07 21:22:59;2015-05-08 04:57:13;89;454;:);Drank tea:Worked out;54.0;0;0;0;1;0;1
2015-05-09 01:58:47;2015-05-09 07:01:52;61;303;:);Drank coffee:Drank tea:Stressful day:Worked out;75.0;0;1;1;1;0;1
2015-05-10 22:11:42;2015-05-11 05:00:10;66;408;:);Drank coffee:Drank tea:Worked out;50.0;0;0;1;1;0;1
2015-05-11 21:57:02;2015-05-12 05:00:13;75;423;:);Drank tea:Worked out;55.0;0;0;0;1;0;1
2015-05-12 22:04:51;2015-05-13 04:52:48;72;407;:);Drank tea:Worked out;59.0;0;0;0;1;0;1
2015-05-14 22:49:01;2015-05-15 06:17:50;79;448;:);Drank coffee:Drank tea;51.0;0;0;1;1;0;0
2015-05-17 21:03:11;2015-05-18 07:49:16;93;646;:);Drank tea:Stressful day;59.0;0;1;0;1;0;0
2015-05-18 22:39:06;2015-05-19 06:20:30;91;461;:);;59.0;0;0;0;0;0;0
2015-05-20 22:22:50;2015-05-21 05:25:20;59;422;:);Drank tea:Worked out;62.0;0;0;0;1;0;1
2015-05-21 22:47:04;2015-05-22 05:25:14;74;398;:);Drank coffee:Drank tea:Worked out;60.0;0;0;1;1;0;1
2015-05-24 00:01:49;2015-05-24 07:35:15;73;453;:);Drank coffee:Worked out;;0;0;1;0;0;1
2015-05-24 22:58:17;2015-05-25 06:45:23;67;467;:);Drank coffee:Drank tea;61.0;0;0;1;1;0;0
2015-05-25 22:05:49;2015-05-26 05:29:03;85;443;:);Drank coffee:Drank tea;;0;0;1;1;0;0
2015-05-26 22:18:17;2015-05-27 05:14:36;69;416;:);Drank coffee:Drank tea:Worked out;;0;0;1;1;0;1
2015-05-28 23:10:34;2015-05-29 07:00:03;81;469;:);Drank coffee:Drank tea:Worked out;52.0;0;0;1;1;0;1
2015-05-31 23:16:56;2015-06-01 06:20:08;72;423;:);Drank coffee;76.0;0;0;1;0;0;0
2015-06-01 22:20:07;2015-06-02 06:19:46;76;479;:);Drank coffee:Drank tea:Worked out;57.0;0;0;1;1;0;1
2015-06-03 22:19:31;2015-06-04 05:20:25;78;420;:);Drank coffee:Drank tea;64.0;0;0;1;1;0;0
2015-06-04 22:20:19;2015-06-05 03:45:30;70;325;:(;Drank coffee:Drank tea:Worked out;;0;0;1;1;0;1
2015-06-07 22:01:10;2015-06-08 05:40:26;75;459;:);Drank coffee;58.0;0;0;1;0;0;0
2015-06-08 21:57:12;2015-06-09 05:16:21;69;439;:);Drank coffee:Drank tea:Worked out;;0;0;1;1;0;1
2015-06-09 21:07:02;2015-06-10 05:01:10;83;474;:);Drank coffee:Drank tea:Worked out;;0;0;1;1;0;1
2015-06-10 21:12:48;2015-06-11 06:17:34;92;544;:);Drank tea:Stressful day:Worked out;68.0;0;1;0;1;0;1
2015-06-11 22:54:00;2015-06-12 06:19:02;74;445;:);Drank coffee:Worked out;;0;0;1;0;0;1
2015-06-14 22:38:25;2015-06-15 06:12:56;81;454;:);Drank coffee:Drank tea;;0;0;1;1;0;0
2015-06-15 22:31:51;2015-06-16 06:20:20;88;468;:);Drank coffee:Drank tea:Worked out;64.0;0;0;1;1;0;1
2015-06-16 22:21:15;2015-06-17 06:20:16;69;479;:);Drank coffee:Drank tea:Stressful day:Worked out;;0;1;1;1;0;1
2015-06-17 21:28:17;2015-06-18 05:00:04;63;451;:);Drank coffee;;0;0;1;0;0;0
2015-06-18 22:26:07;2015-06-19 04:46:50;71;380;:);Drank coffee:Worked out;;0;0;1;0;0;1
2015-06-22 21:54:38;2015-06-23 05:07:41;78;433;:);Drank coffee:Worked out;;0;0;1;0;0;1
2015-06-23 22:09:26;2015-06-24 04:57:46;76;408;:);Drank coffee:Drank tea:Worked out;;0;0;1;1;0;1
2015-06-24 22:37:23;2015-06-25 06:20:50;82;463;:);Drank coffee:Stressful day:Worked out;58.0;0;1;1;0;0;1
2015-07-11 22:29:21;2015-07-12 08:00:42;98;571;:);Drank coffee:Stressful day;69.0;0;1;1;0;0;0
2015-07-19 21:38:23;2015-07-20 06:09:35;69;511;:);Drank coffee;74.0;0;0;1;0;0;0
2015-07-20 22:01:21;2015-07-21 05:04:47;68;423;:);Drank coffee:Drank tea:Worked out;;0;0;1;1;0;1
2015-07-21 22:02:34;2015-07-22 05:45:33;79;462;:);Drank coffee:Drank tea:Worked out;67.0;0;0;1;1;0;1
2015-07-23 22:29:37;2015-07-24 06:44:02;86;494;:);Drank coffee:Stressful day:Worked out;;0;1;1;0;0;1
2015-07-26 22:29:51;2015-07-27 06:20:13;93;470;:);Drank coffee:Worked out;58.0;0;0;1;0;0;1
2015-07-28 21:32:08;2015-07-29 05:39:59;68;487;:);Drank coffee:Drank tea:Stressful day:Worked out;58.0;0;1;1;1;0;1
2015-07-29 23:06:06;2015-07-30 05:40:14;71;394;:);Drank coffee:Drank tea:Worked out;61.0;0;0;1;1;0;1
2015-07-30 21:40:08;2015-07-31 05:40:15;88;480;:);Drank coffee:Worked out;64.0;0;0;1;0;0;1
2015-08-01 01:41:20;2015-08-01 08:31:02;77;409;:);Drank coffee:Drank tea:Worked out;64.0;0;0;1;1;0;1
2015-08-01 22:55:10;2015-08-02 08:02:09;97;546;:);Drank coffee:Worked out;;0;0;1;0;0;1
2015-08-03 00:26:02;2015-08-03 07:25:42;88;419;:);Drank coffee:Worked out;68.0;0;0;1;0;0;1
2015-08-03 21:46:15;2015-08-04 05:00:34;71;434;:);Drank coffee:Stressful day:Worked out;;0;1;1;0;0;1
2015-08-04 21:17:10;2015-08-05 04:55:48;81;458;:);Drank coffee:Drank tea:Worked out;;0;0;1;1;0;1
2015-08-05 21:35:13;2015-08-06 04:55:01;78;439;:);Drank coffee:Drank tea:Worked out;57.0;0;0;1;1;0;1
2015-08-08 00:19:09;2015-08-08 07:56:38;97;457;:);Drank coffee:Worked out;54.0;0;0;1;0;0;1
2015-08-10 00:01:12;2015-08-10 05:03:22;65;302;:);Drank coffee;;0;0;1;0;0;0
2015-08-10 21:11:19;2015-08-11 06:09:21;72;538;:);Drank coffee:Drank tea:Worked out;50.0;0;0;1;1;0;1
2015-08-15 23:41:21;2015-08-16 07:27:56;84;466;:);Drank coffee;;0;0;1;0;0;0
2015-08-16 21:44:20;2015-08-17 04:45:16;58;420;:);Drank coffee;56.0;0;0;1;0;0;0
2015-08-17 22:13:05;2015-08-18 05:27:25;85;434;:);Drank coffee:Drank tea:Worked out;;0;0;1;1;0;1
2015-08-18 22:33:21;2015-08-19 06:45:33;90;492;:);Drank coffee:Drank tea:Worked out;57.0;0;0;1;1;0;1
2015-08-19 21:48:50;2015-08-20 06:01:07;79;492;:);Drank coffee:Worked out;51.0;0;0;1;0;0;1
2015-08-20 22:36:23;2015-08-21 06:00:11;69;443;:);Drank coffee;58.0;0;0;1;0;0;0
2015-08-21 21:52:41;2015-08-22 06:00:13;88;487;:);Drank coffee:Stressful day;;0;1;1;0;0;0
2015-08-22 21:59:47;2015-08-23 05:49:06;90;469;:);Drank coffee;52.0;0;0;1;0;0;0
2015-08-23 21:59:05;2015-08-24 05:29:52;83;450;:);Ate late:Drank coffee:Drank tea;52.0;0;0;1;1;1;0
2015-08-25 21:57:25;2015-08-26 05:45:28;67;468;:);Drank coffee;;0;0;1;0;0;0
2015-08-26 21:14:31;2015-08-27 05:45:18;90;510;:);Drank coffee:Stressful day;;0;1;1;0;0;0
2015-08-27 21:19:00;2015-08-28 05:45:10;93;506;:|;;60.0;0;0;0;0;0;0
2015-08-28 22:01:03;2015-08-29 06:00:39;85;479;:);Drank coffee:Drank tea;62.0;0;0;1;1;0;0
2015-08-30 22:00:05;2015-08-31 06:00:18;84;480;:);Drank coffee;66.0;0;0;1;0;0;0
2015-08-31 22:14:35;2015-09-01 06:00:59;77;466;:);Drank coffee;;0;0;1;0;0;0
2015-09-01 22:00:12;2015-09-02 06:00:07;85;479;:);Drank tea;65.0;0;0;0;1;0;0
2015-09-02 23:36:43;2015-09-03 07:10:29;77;453;:);Drank coffee;57.0;0;0;1;0;0;0
2015-09-05 22:54:41;2015-09-06 06:59:15;87;484;:);Drank coffee;;0;0;1;0;0;0
2015-09-07 22:45:57;2015-09-08 06:13:08;84;447;:);Drank coffee:Drank tea;61.0;0;0;1;1;0;0
2015-09-08 22:03:28;2015-09-09 06:04:55;86;481;:);Drank tea:Worked out;;0;0;0;1;0;1
2015-09-09 22:40:40;2015-09-10 06:10:24;83;449;:);Drank coffee:Drank tea:Worked out;;0;0;1;1;0;1
2015-09-10 22:10:47;2015-09-11 04:57:40;77;406;:);Drank coffee:Drank tea:Worked out;;0;0;1;1;0;1
2015-09-12 00:06:20;2015-09-12 07:41:35;81;455;:);Drank coffee:Worked out;;0;0;1;0;0;1
2015-09-13 22:03:28;2015-09-14 05:50:31;81;467;:);Drank coffee;;0;0;1;0;0;0
2015-09-14 22:33:49;2015-09-15 06:30:22;83;476;:);Drank coffee:Stressful day:Worked out;;0;1;1;0;0;1
2015-09-15 22:14:42;2015-09-16 05:55:16;70;460;:);Drank coffee:Worked out;;0;0;1;0;0;1
2015-09-16 21:59:14;2015-09-17 06:20:08;80;500;:);Drank coffee:Drank tea:Worked out;59.0;0;0;1;1;0;1
2015-09-17 22:57:35;2015-09-18 06:20:12;60;442;:);Drank coffee:Drank tea:Worked out;56.0;0;0;1;1;0;1
2015-09-19 00:31:33;2015-09-19 06:55:11;55;383;:);Drank coffee;;0;0;1;0;0;0
2015-09-19 22:01:37;2015-09-20 06:48:52;91;527;:);Drank coffee;;0;0;1;0;0;0
2015-09-20 22:07:26;2015-09-21 06:15:54;79;488;:);Drank coffee:Drank tea:Worked out;55.0;0;0;1;1;0;1
2015-09-22 21:34:08;2015-09-23 06:15:39;81;521;:);Drank coffee:Drank tea:Worked out;58.0;0;0;1;1;0;1
2015-09-23 21:37:35;2015-09-24 05:07:03;77;449;:);Drank coffee:Drank tea:Worked out;49.0;0;0;1;1;0;1
2015-09-24 22:37:41;2015-09-25 06:00:13;83;442;:);Ate late:Drank coffee:Drank tea:Worked out;;0;0;1;1;1;1
2015-09-27 22:57:29;2015-09-28 07:00:25;82;482;:);Drank tea;61.0;0;0;0;1;0;0
2015-09-28 21:12:50;2015-09-29 05:15:43;90;482;:);Drank tea:Worked out;60.0;0;0;0;1;0;1
2015-09-29 22:54:50;2015-09-30 06:20:27;89;445;:);Ate late:Drank coffee:Drank tea:Worked out;58.0;0;0;1;1;1;1
2015-09-30 23:57:47;2015-10-01 06:14:26;62;376;:);Drank coffee:Drank tea:Worked out;55.0;0;0;1;1;0;1
2015-10-03 00:09:08;2015-10-03 07:26:26;69;437;:);Drank coffee:Worked out;57.0;0;0;1;0;0;1
2015-10-11 00:27:25;2015-10-11 08:58:25;100;511;:);Drank coffee:Stressful day;50.0;0;1;1;0;0;0
2015-10-12 21:59:10;2015-10-13 06:00:45;74;481;:);Ate late:Drank coffee:Drank tea:Worked out;;0;0;1;1;1;1
2015-10-13 22:19:10;2015-10-14 04:59:56;59;400;:);Drank coffee:Worked out;;0;0;1;0;0;1
2015-10-14 22:40:34;2015-10-15 06:20:36;68;460;:);Drank tea:Worked out;65.0;0;0;0;1;0;1
2015-10-15 22:12:48;2015-10-16 06:21:06;67;488;:);Drank coffee:Drank tea:Worked out;58.0;0;0;1;1;0;1
2015-10-17 00:45:53;2015-10-17 07:37:31;57;411;:);Drank coffee:Drank tea;;0;0;1;1;0;0
2015-10-18 21:52:46;2015-10-19 06:20:17;67;507;:|;Drank coffee;;0;0;1;0;0;0
2015-10-20 21:38:02;2015-10-21 06:20:20;88;522;:|;Drank coffee:Drank tea;62.0;0;0;1;1;0;0
2015-10-21 22:41:23;2015-10-22 06:20:28;77;459;:);Drank coffee:Drank tea;53.0;0;0;1;1;0;0
2015-10-22 21:46:35;2015-10-23 05:30:45;80;464;:);Drank coffee:Drank tea:Worked out;70.0;0;0;1;1;0;1
2015-10-24 00:32:20;2015-10-24 08:12:45;77;460;:);Drank coffee:Drank tea:Worked out;;0;0;1;1;0;1
2015-10-24 22:38:13;2015-10-25 06:33:35;81;475;:);Drank coffee:Drank tea;;0;0;1;1;0;0
2015-10-26 23:09:15;2015-10-27 06:05:04;77;415;:);Drank coffee:Drank tea;65.0;0;0;1;1;0;0
2015-10-27 21:34:17;2015-10-28 05:35:51;78;481;:|;Drank coffee:Worked out;;0;0;1;0;0;1
2015-10-28 22:28:47;2015-10-29 06:20:36;83;471;:|;Drank tea:Worked out;53.0;0;0;0;1;0;1
2015-10-29 22:30:45;2015-10-30 06:10:51;81;460;:|;Drank tea:Worked out;57.0;0;0;0;1;0;1
2015-10-31 01:01:48;2015-10-31 07:50:17;50;408;:);Drank coffee:Drank tea;;0;0;1;1;0;0
2015-11-02 22:00:53;2015-11-03 06:10:32;83;489;:|;Drank coffee:Drank tea:Worked out;55.0;0;0;1;1;0;1
2015-11-03 22:46:00;2015-11-04 06:09:53;75;443;:|;Drank coffee:Drank tea:Worked out;;0;0;1;1;0;1
2015-11-04 22:49:17;2015-11-05 06:00:43;65;431;:|;Drank coffee:Drank tea:Worked out;;0;0;1;1;0;1
2015-11-05 21:36:52;2015-11-06 05:29:48;77;472;:|;Drank coffee:Drank tea:Worked out;;0;0;1;1;0;1
2015-11-07 00:19:42;2015-11-07 08:13:55;93;474;:);Drank coffee:Drank tea:Worked out;98.0;0;0;1;1;0;1
2015-11-08 23:28:38;2015-11-09 06:20:45;69;412;:);Drank coffee:Drank tea;;0;0;1;1;0;0
2015-11-09 21:59:54;2015-11-10 05:41:00;88;461;:);Drank coffee:Drank tea:Worked out;;0;0;1;1;0;1
2015-11-10 22:56:22;2015-11-11 06:28:43;83;452;:);Drank coffee:Drank tea:Worked out;;0;0;1;1;0;1
2015-11-11 22:57:35;2015-11-12 06:20:38;72;443;:);Drank coffee:Drank tea;;0;0;1;1;0;0
2015-11-13 22:59:58;2015-11-14 07:46:48;96;526;:);Drank coffee:Drank tea;59.0;0;0;1;1;0;0
2015-11-15 22:17:12;2015-11-16 06:30:48;72;493;:);Drank coffee:Drank tea;62.0;0;0;1;1;0;0
2015-11-18 22:07:28;2015-11-19 05:30:48;80;443;:);Ate late:Drank coffee:Drank tea:Worked out;63.0;0;0;1;1;1;1
2015-11-19 23:10:23;2015-11-20 06:00:42;73;410;:);Drank coffee:Drank tea:Worked out;62.0;0;0;1;1;0;1
2015-11-22 21:57:39;2015-11-23 05:30:46;83;453;:);Drank tea;;0;0;0;1;0;0
2015-11-23 22:15:24;2015-11-24 05:00:10;74;404;:);Drank coffee:Drank tea:Worked out;;0;0;1;1;0;1
2015-11-24 22:33:40;2015-11-25 06:30:54;87;477;:);Drank coffee:Drank tea:Worked out;;0;0;1;1;0;1
2015-11-25 23:26:02;2015-11-26 06:20:47;69;414;:);Drank coffee:Drank tea:Worked out;;0;0;1;1;0;1
2015-11-26 22:25:29;2015-11-27 06:20:36;81;475;:);Drank coffee:Drank tea:Worked out;;0;0;1;1;0;1
2015-11-28 01:20:50;2015-11-28 07:46:30;58;385;:);Drank coffee:Drank tea:Worked out;59.0;0;0;1;1;0;1
2015-11-29 22:20:20;2015-11-30 06:20:11;68;479;:);Drank tea;;0;0;0;1;0;0
2015-11-30 21:23:47;2015-12-01 06:19:46;64;535;:);Drank coffee:Drank tea:Worked out;;0;0;1;1;0;1
2015-12-01 23:03:32;2015-12-02 06:20:45;84;437;:);Drank coffee:Drank tea:Worked out;57.0;0;0;1;1;0;1
2015-12-02 22:19:31;2015-12-03 05:11:26;75;411;:);Drank coffee:Drank tea;;0;0;1;1;0;0
2015-12-03 22:51:20;2015-12-04 05:01:02;70;369;:);Ate late:Drank coffee:Drank tea;;0;0;1;1;1;0
2015-12-06 22:10:17;2015-12-07 05:31:02;86;440;:);Drank coffee:Drank tea;68.0;0;0;1;1;0;0
2015-12-07 21:20:30;2015-12-08 05:00:36;86;460;:);Drank tea:Stressful day:Worked out;61.0;0;1;0;1;0;1
2015-12-08 22:17:33;2015-12-09 05:45:41;79;448;:);Drank coffee:Drank tea:Stressful day:Worked out;;0;1;1;1;0;1
2015-12-09 21:57:33;2015-12-10 06:10:41;93;493;:);Drank tea:Stressful day:Worked out;67.0;0;1;0;1;0;1
2015-12-13 00:08:26;2015-12-13 08:23:03;77;494;:);Drank coffee;;0;0;1;0;0;0
2015-12-13 22:07:01;2015-12-14 06:09:53;80;482;:);Drank coffee;52.0;0;0;1;0;0;0
2015-12-15 22:32:48;2015-12-16 06:10:41;75;457;:);Drank coffee:Drank tea:Worked out;;0;0;1;1;0;1
2015-12-16 22:20:47;2015-12-17 05:40:53;84;440;:);Drank coffee:Drank tea:Stressful day;;0;1;1;1;0;0
2015-12-17 21:07:49;2015-12-18 05:45:44;100;517;:);Drank coffee:Drank tea:Worked out;;0;0;1;1;0;1
2015-12-20 22:19:20;2015-12-21 06:20:02;72;480;:|;Drank coffee:Drank tea:Worked out;56.0;0;0;1;1;0;1
2015-12-21 22:06:14;2015-12-22 05:29:49;80;443;:|;Drank coffee:Worked out;;0;0;1;0;0;1
2015-12-22 21:41:31;2015-12-23 05:43:31;82;481;:);Drank coffee:Drank tea:Worked out;;0;0;1;1;0;1
2015-12-23 22:33:13;2015-12-24 06:01:00;79;447;:);Drank coffee:Drank tea;;0;0;1;1;0;0
2015-12-29 22:44:12;2015-12-30 07:00:31;76;496;:|;Drank coffee;;0;0;1;0;0;0
2016-01-01 23:53:45;2016-01-02 08:27:19;79;513;:|;Drank coffee:Drank tea;71.0;0;0;1;1;0;0
2016-01-02 23:49:43;2016-01-03 08:13:49;85;504;:);Drank coffee:Drank tea;65.0;0;0;1;1;0;0
2016-01-03 21:44:08;2016-01-04 05:35:23;69;471;:);Drank coffee;;0;0;1;0;0;0
2016-01-04 22:17:03;2016-01-05 05:45:29;74;448;:|;Drank coffee:Drank tea:Stressful day;;0;1;1;1;0;0
2016-01-05 22:18:45;2016-01-06 06:20:45;66;481;:|;Drank coffee:Worked out;;0;0;1;0;0;1
2016-01-13 22:44:29;2016-01-14 06:20:25;72;455;:|;Ate late:Drank coffee:Drank tea:Stressful day;;0;1;1;1;1;0
2016-01-14 22:10:58;2016-01-15 05:28:34;73;437;:|;Drank coffee:Drank tea:Worked out;;0;0;1;1;0;1
2016-01-17 22:00:46;2016-01-18 05:30:32;76;449;:|;Drank coffee:Drank tea:Worked out;;0;0;1;1;0;1
2016-01-18 21:56:26;2016-01-19 05:34:59;78;458;;Ate late:Drank coffee:Drank tea;;0;0;1;1;1;0
2016-01-19 22:46:50;2016-01-20 06:35:37;75;468;;Drank coffee:Drank tea:Worked out;;0;0;1;1;0;1
2016-01-20 21:13:40;2016-01-21 06:29:37;77;555;;Drank coffee:Drank tea;;0;0;1;1;0;0
2016-01-21 21:33:27;2016-01-22 06:23:55;79;530;;Drank coffee;;0;0;1;0;0;0
2016-01-22 22:17:12;2016-01-23 08:14:54;79;597;;Drank coffee:Worked out;;0;0;1;0;0;1
2016-01-24 22:06:59;2016-01-25 06:30:14;85;503;;Drank coffee:Drank tea:Worked out;;0;0;1;1;0;1
2016-01-25 22:27:55;2016-01-26 06:38:49;88;490;;Drank coffee;;0;0;1;0;0;0
2016-01-26 22:58:16;2016-01-27 06:28:13;83;449;;Drank coffee:Drank tea:Worked out;;0;0;1;1;0;1
2016-01-27 22:02:27;2016-01-28 05:23:02;84;440;;Drank coffee:Drank tea:Worked out;;0;0;1;1;0;1
2016-01-28 22:11:17;2016-01-29 05:26:31;76;435;;Drank coffee:Drank tea:Worked out;;0;0;1;1;0;1
2016-01-29 21:47:34;2016-01-30 06:06:40;88;499;;Drank coffee:Drank tea:Worked out;;0;0;1;1;0;1
2016-01-31 22:58:22;2016-02-01 06:19:07;78;440;;Drank coffee;;0;0;1;0;0;0
2016-02-01 22:02:40;2016-02-02 05:27:42;82;445;;Drank coffee:Drank tea:Worked out;;0;0;1;1;0;1
2016-02-02 21:47:43;2016-02-03 05:20:45;72;453;;Drank coffee:Worked out;;0;0;1;0;0;1
2016-02-03 22:54:38;2016-02-04 06:20:45;79;446;;Drank coffee:Worked out;;0;0;1;0;0;1
2016-02-04 22:17:56;2016-02-05 06:53:46;74;515;;Drank coffee:Stressful day:Worked out;;0;1;1;0;0;1
2016-02-05 23:45:36;2016-02-06 07:35:42;84;470;;Drank coffee;;0;0;1;0;0;0
2016-02-06 22:55:30;2016-02-07 07:35:48;91;520;;Drank tea;;0;0;0;1;0;0
2016-02-08 00:44:15;2016-02-08 07:45:22;68;421;;Drank coffee:Drank tea;;0;0;1;1;0;0
2016-02-08 22:43:49;2016-02-09 06:40:40;77;476;;Drank coffee:Drank tea:Worked out;;0;0;1;1;0;1
2016-02-09 21:57:50;2016-02-10 05:31:30;66;453;;Drank coffee:Worked out;;0;0;1;0;0;1
2016-02-13 23:41:34;2016-02-14 05:11:40;38;330;;Drank coffee;;0;0;1;0;0;0
2016-02-14 22:07:58;2016-02-15 05:53:25;84;465;;Drank coffee:Stressful day;;0;1;1;0;0;0
2016-02-15 22:07:07;2016-02-16 05:25:39;76;438;;Drank coffee:Worked out;;0;0;1;0;0;1
2016-02-16 22:20:30;2016-02-17 05:32:48;70;432;;Drank coffee:Worked out;;0;0;1;0;0;1
2016-02-17 21:33:26;2016-02-18 06:24:29;90;531;;Drank coffee:Stressful day:Worked out;;0;1;1;0;0;1
2016-02-18 22:47:46;2016-02-19 06:26:50;77;459;;Drank coffee:Drank tea:Worked out;;0;0;1;1;0;1
2016-02-20 23:12:47;2016-02-21 07:41:40;69;508;;Drank coffee;;0;0;1;0;0;0
2016-02-22 22:04:12;2016-02-23 06:23:53;85;499;;Drank coffee;;0;0;1;0;0;0
2016-02-23 22:18:26;2016-02-24 06:25:24;94;486;;Drank coffee:Worked out;;0;0;1;0;0;1
2016-02-24 21:59:00;2016-02-25 05:43:33;88;464;;Drank tea:Worked out;;0;0;0;1;0;1
2016-02-26 00:15:25;2016-02-26 06:35:57;68;380;;Drank tea:Worked out;;0;0;0;1;0;1
2016-02-27 23:33:23;2016-02-28 07:50:56;92;497;;Drank coffee;;0;0;1;0;0;0
2016-02-28 22:19:47;2016-02-29 05:45:34;64;445;;Drank tea;;0;0;0;1;0;0
2016-02-29 21:55:44;2016-03-01 06:22:29;78;506;;Drank tea:Worked out;;0;0;0;1;0;1
2016-03-01 23:22:16;2016-03-02 05:50:28;70;388;;Drank tea:Worked out;;0;0;0;1;0;1
2016-03-02 22:15:14;2016-03-03 06:21:26;95;486;;Drank coffee:Drank tea:Worked out;;0;0;1;1;0;1
2016-03-03 22:01:33;2016-03-04 06:17:35;90;496;;Drank tea:Worked out;;0;0;0;1;0;1
2016-03-05 23:20:01;2016-03-06 07:31:36;98;491;;Drank tea;;0;0;0;1;0;0
2016-03-06 23:08:20;2016-03-07 06:19:25;70;431;;Drank coffee:Drank tea;;0;0;1;1;0;0
2016-03-07 22:50:22;2016-03-08 06:22:58;75;452;;Drank tea:Worked out;;0;0;0;1;0;1
2016-03-08 21:40:38;2016-03-09 06:25:07;91;524;;Drank tea:Worked out;;0;0;0;1;0;1
2016-03-09 22:40:25;2016-03-10 05:49:39;79;429;;Drank tea;;0;0;0;1;0;0
2016-03-10 21:35:17;2016-03-11 05:34:15;92;478;;Drank tea:Worked out;;0;0;0;1;0;1
2016-03-12 01:33:16;2016-03-12 07:50:21;69;377;;Drank coffee:Worked out;;0;0;1;0;0;1
2016-03-12 23:44:03;2016-03-13 07:51:57;83;427;;Drank tea;;0;0;0;1;0;0
2016-03-13 22:47:36;2016-03-14 05:40:43;82;413;;Drank tea:Worked out;;0;0;0;1;0;1
2016-03-14 22:16:43;2016-03-15 05:46:07;79;449;;Drank tea:Worked out;;0;0;0;1;0;1
2016-03-15 22:41:40;2016-03-16 06:25:27;85;463;;Drank coffee:Drank tea:Worked out;;0;0;1;1;0;1
2016-03-16 22:25:40;2016-03-17 07:05:26;90;519;;Drank coffee:Worked out;;0;0;1;0;0;1
2016-03-17 22:46:35;2016-03-18 07:08:48;98;502;;Drank coffee:Drank tea;;0;0;1;1;0;0
2016-03-18 22:17:45;2016-03-19 07:47:51;87;570;;Drank coffee;;0;0;1;0;0;0
2016-03-20 22:13:36;2016-03-21 07:26:59;80;553;;Drank coffee;;0;0;1;0;0;0
2016-03-21 22:37:03;2016-03-22 07:32:00;80;534;;Drank coffee;;0;0;1;0;0;0
2016-03-22 21:22:46;2016-03-23 06:19:17;80;536;;Drank coffee:Drank tea;;0;0;1;1;0;0
2016-03-23 22:06:49;2016-03-24 05:20:29;65;433;;Drank coffee:Drank tea:Worked out;;0;0;1;1;0;1
2016-03-27 23:28:20;2016-03-28 07:30:07;82;481;;Drank coffee;;0;0;1;0;0;0
2016-03-28 23:32:44;2016-03-29 06:29:15;75;416;;Drank coffee:Stressful day:Worked out;;0;1;1;0;0;1
2016-03-29 23:12:02;2016-03-30 06:25:49;66;433;;Drank coffee:Worked out;;0;0;1;0;0;1
2016-03-30 22:58:49;2016-03-31 06:25:21;58;446;;Drank coffee:Drank tea:Worked out;;0;0;1;1;0;1
2016-03-31 22:47:19;2016-04-01 06:30:09;89;462;;Drank coffee:Drank tea:Worked out;;0;0;1;1;0;1
2016-04-02 21:20:49;2016-04-03 07:08:13;86;587;;Drank coffee;;0;0;1;0;0;0
2016-04-03 21:44:29;2016-04-04 06:24:00;67;519;;Drank coffee;;0;0;1;0;0;0
2016-04-04 21:23:59;2016-04-05 06:29:22;62;545;;Drank coffee;;0;0;1;0;0;0
2016-04-05 21:13:24;2016-04-06 06:24:45;81;551;;Drank coffee:Worked out;;0;0;1;0;0;1
2016-04-06 23:00:14;2016-04-07 05:55:41;73;415;;Drank coffee:Drank tea:Worked out;;0;0;1;1;0;1
2016-04-07 21:48:56;2016-04-08 05:49:06;81;480;;Ate late:Drank coffee:Drank tea:Worked out;;0;0;1;1;1;1
2016-04-09 00:51:24;2016-04-09 07:21:57;53;390;;Drank coffee:Drank tea:Worked out;;0;0;1;1;0;1
2016-04-09 22:59:45;2016-04-10 07:59:49;94;540;;Drank coffee:Drank tea:Worked out;;0;0;1;1;0;1
2016-04-10 22:04:13;2016-04-11 05:16:33;67;432;;Drank tea;;0;0;0;1;0;0
2016-04-11 22:35:10;2016-04-12 05:54:20;82;439;;Drank coffee:Drank tea:Stressful day:Worked out;;0;1;1;1;0;1
2016-04-12 22:18:30;2016-04-13 05:52:27;85;453;;Drank coffee:Drank tea:Worked out;;0;0;1;1;0;1
2016-04-13 22:27:46;2016-04-14 06:13:03;77;465;;Drank coffee:Drank tea:Worked out;;0;0;1;1;0;1
2016-04-14 21:43:30;2016-04-15 06:24:30;94;521;;Drank coffee:Drank tea:Stressful day:Worked out;;0;1;1;1;0;1
2016-04-15 22:38:27;2016-04-16 07:25:56;81;527;;Drank coffee:Drank tea;;0;0;1;1;0;0
2016-04-17 21:34:35;2016-04-18 06:26:45;75;532;;Drank coffee:Drank tea;;0;0;1;1;0;0
2016-04-19 21:21:02;2016-04-20 06:20:19;79;539;;Drank coffee:Drank tea:Worked out;;0;0;1;1;0;1
2016-04-20 21:25:56;2016-04-21 05:35:24;81;489;;Ate late:Drank coffee:Drank tea:Worked out;;0;0;1;1;1;1
2016-04-21 21:54:28;2016-04-22 05:35:27;79;460;;;;0;0;0;0;0;0
2016-04-23 00:46:44;2016-04-23 07:54:03;65;427;;Drank coffee:Drank tea:Worked out;;0;0;1;1;0;1
2016-04-24 22:30:35;2016-04-25 06:14:30;81;463;;Drank tea;;0;0;0;1;0;0
2016-04-25 22:07:57;2016-04-26 05:39:43;87;451;;Ate late:Drank coffee:Drank tea:Worked out;;0;0;1;1;1;1
2016-04-26 22:48:24;2016-04-27 06:20:28;74;452;;Drank coffee:Drank tea:Worked out;;0;0;1;1;0;1
2016-04-27 22:24:10;2016-04-28 06:25:23;92;481;;Drank coffee:Drank tea:Worked out;;0;0;1;1;0;1
2016-04-28 22:23:37;2016-04-29 06:17:32;95;473;;Drank coffee:Drank tea:Worked out;;0;0;1;1;0;1
2016-04-29 22:47:32;2016-04-30 05:57:05;81;429;;Drank coffee:Drank tea:Worked out;;0;0;1;1;0;1
2016-05-01 21:27:20;2016-05-02 06:15:12;95;527;;Drank coffee:Worked out;;0;0;1;0;0;1
2016-05-02 21:50:53;2016-05-03 06:20:17;85;509;;Drank coffee:Worked out;;0;0;1;0;0;1
2016-05-03 22:19:12;2016-05-04 06:20:18;79;481;;Drank coffee:Worked out;;0;0;1;0;0;1
2016-05-04 22:16:31;2016-05-05 06:30:20;83;493;;Drank coffee:Drank tea:Worked out;;0;0;1;1;0;1
2016-05-05 22:20:43;2016-05-06 06:15:04;89;474;;Ate late:Drank coffee;;0;0;1;0;1;0
2016-05-06 23:07:56;2016-05-07 07:08:11;87;480;;Drank coffee:Drank tea:Stressful day:Worked out;;0;1;1;1;0;1
2016-05-07 23:20:36;2016-05-08 07:12:34;93;471;;Drank coffee:Drank tea;;0;0;1;1;0;0
2016-05-08 23:44:12;2016-05-09 06:20:24;74;396;;Drank coffee:Drank tea;;0;0;1;1;0;0
2016-05-09 22:10:46;2016-05-10 05:41:35;83;450;;Drank coffee:Drank tea:Worked out;;0;0;1;1;0;1
2016-05-10 23:10:06;2016-05-11 05:30:21;74;380;;Drank coffee:Drank tea:Worked out;;0;0;1;1;0;1
2016-05-11 22:43:49;2016-05-12 06:25:26;80;461;;Drank coffee:Drank tea:Worked out;;0;0;1;1;0;1
2016-05-12 23:50:20;2016-05-13 06:50:20;83;419;;Drank coffee:Drank tea:Worked out;;0;0;1;1;0;1
2016-05-13 23:08:55;2016-05-14 07:53:57;100;525;;Drank coffee:Drank tea:Worked out;;0;0;1;1;0;1
2016-05-15 21:34:13;2016-05-16 06:07:30;81;513;;Drank tea;;0;0;0;1;0;0
2016-05-16 21:34:47;2016-05-17 06:15:18;85;520;;Drank coffee:Worked out;;0;0;1;0;0;1
2016-05-17 20:53:27;2016-05-18 06:10:18;83;556;;Drank coffee:Worked out;;0;0;1;0;0;1
2016-05-18 22:26:07;2016-05-19 05:40:26;79;434;;Drank coffee:Stressful day;;0;1;1;0;0;0
2016-05-20 00:00:10;2016-05-20 06:30:16;76;390;;Drank coffee:Worked out;;0;0;1;0;0;1
2016-05-20 23:14:26;2016-05-21 07:34:07;91;499;;Drank coffee:Worked out;;0;0;1;0;0;1
2016-05-23 22:34:58;2016-05-24 05:30:18;75;415;;Drank coffee;;0;0;1;0;0;0
2016-05-24 22:00:00;2016-05-25 05:35:16;90;455;;Drank coffee:Worked out;;0;0;1;0;0;1
2016-05-25 22:21:34;2016-05-26 06:31:01;88;489;;Drank coffee:Worked out;;0;0;1;0;0;1
2016-05-26 22:08:30;2016-05-27 06:19:54;89;491;;Drank coffee:Worked out;;0;0;1;0;0;1
2016-05-28 00:19:46;2016-05-28 07:15:58;72;416;;Drank coffee:Worked out;;0;0;1;0;0;1
2016-05-29 22:04:35;2016-05-30 06:40:37;100;516;;Drank coffee;;0;0;1;0;0;0
2016-05-30 22:07:42;2016-05-31 06:08:04;72;480;;Drank coffee:Stressful day;;0;1;1;0;0;0
2016-05-31 23:02:52;2016-06-01 06:31:44;70;448;;Drank coffee:Worked out;;0;0;1;0;0;1
2016-06-01 23:01:17;2016-06-02 05:48:05;67;406;;Drank coffee:Worked out;;0;0;1;0;0;1
2016-06-02 22:51:43;2016-06-03 05:31:02;65;399;;Drank coffee:Worked out;;0;0;1;0;0;1
2016-06-05 22:33:14;2016-06-06 05:51:51;71;438;;Worked out;;0;0;0;0;0;1
2016-06-06 23:26:26;2016-06-07 05:31:41;70;365;;Drank coffee:Worked out;;0;0;1;0;0;1
2016-06-07 22:32:35;2016-06-08 05:32:33;77;419;;Drank coffee:Worked out;;0;0;1;0;0;1
2016-06-08 21:56:14;2016-06-09 06:16:18;76;500;;Drank coffee:Worked out;;0;0;1;0;0;1
2016-06-09 22:07:31;2016-06-10 06:35:29;87;507;;Ate late:Drank coffee:Worked out;;0;0;1;0;1;1
2016-06-11 22:42:30;2016-06-12 08:41:24;93;598;;Drank tea;;0;0;0;1;0;0
2016-06-12 22:52:30;2016-06-13 06:32:02;77;459;;Drank tea;;0;0;0;1;0;0
2016-06-13 22:03:24;2016-06-14 06:26:09;82;502;;Drank tea:Worked out;;0;0;0;1;0;1
2016-06-14 22:32:22;2016-06-15 06:30:23;68;478;;Drank coffee:Drank tea;;0;0;1;1;0;0
2016-06-16 00:46:59;2016-06-16 06:25:12;64;338;;Drank coffee:Drank tea:Worked out;;0;0;1;1;0;1
2016-06-16 22:06:06;2016-06-17 06:01:02;83;474;;Drank coffee:Drank tea:Worked out;;0;0;1;1;0;1
2016-06-17 23:28:36;2016-06-18 07:23:00;79;474;;Drank coffee:Drank tea:Worked out;;0;0;1;1;0;1
2016-06-19 23:00:43;2016-06-20 06:00:38;74;419;;Drank coffee;;0;0;1;0;0;0
2016-06-20 22:34:58;2016-06-21 05:50:46;83;435;;Drank coffee:Worked out;;0;0;1;0;0;1
2016-06-21 22:11:24;2016-06-22 05:40:37;83;449;;Drank coffee:Worked out;;0;0;1;0;0;1
2016-06-22 22:41:04;2016-06-23 06:22:44;82;461;;Drank coffee:Worked out;;0;0;1;0;0;1
2016-06-23 22:32:02;2016-06-24 06:32:15;86;480;;Drank coffee:Worked out;;0;0;1;0;0;1
2016-06-26 22:16:19;2016-06-27 06:30:30;64;494;;Drank coffee;;0;0;1;0;0;0
2016-06-27 23:48:29;2016-06-28 06:47:24;62;418;;Drank coffee:Stressful day:Worked out;;0;1;1;0;0;1
2016-06-28 23:10:25;2016-06-29 06:35:27;77;445;;Drank coffee:Worked out;;0;0;1;0;0;1
2016-06-29 22:32:29;2016-06-30 05:55:57;83;443;;Drank coffee:Stressful day:Worked out;;0;1;1;0;0;1
2016-07-01 23:32:46;2016-07-02 07:32:54;90;480;;Drank coffee;;0;0;1;0;0;0
2016-07-03 21:49:41;2016-07-04 06:02:36;86;492;;;;0;0;0;0;0;0
2016-07-04 21:39:08;2016-07-05 05:50:23;85;491;;Drank coffee:Worked out;;0;0;1;0;0;1
2016-07-05 22:48:36;2016-07-06 06:05:36;75;436;;Drank coffee:Stressful day:Worked out;;0;1;1;0;0;1
2016-07-06 22:13:30;2016-07-07 06:15:50;92;482;;Drank coffee:Worked out;;0;0;1;0;0;1
2016-07-07 22:53:15;2016-07-08 07:05:46;96;492;;Drank coffee:Worked out;;0;0;1;0;0;1
2016-07-10 22:18:13;2016-07-11 06:17:38;85;479;;Drank coffee;;0;0;1;0;0;0
2016-07-11 21:24:42;2016-07-12 06:15:28;99;530;;Drank coffee:Worked out;;0;0;1;0;0;1
2016-07-12 22:02:38;2016-07-13 06:15:55;96;493;;Drank coffee:Worked out;;0;0;1;0;0;1
2016-07-13 23:13:10;2016-07-14 06:15:33;78;422;;Drank coffee:Worked out;;0;0;1;0;0;1
2016-07-14 22:39:55;2016-07-15 06:15:20;84;455;;Drank coffee:Stressful day:Worked out;;0;1;1;0;0;1
2016-07-16 00:32:25;2016-07-16 08:19:37;87;467;;Drank coffee:Worked out;;0;0;1;0;0;1
2016-07-16 23:20:56;2016-07-17 07:31:40;98;490;;Drank coffee:Worked out;;0;0;1;0;0;1
2016-07-17 22:23:36;2016-07-18 06:00:46;76;457;;Drank coffee:Worked out;;0;0;1;0;0;1
2016-07-18 22:57:22;2016-07-19 06:05:28;77;428;;Drank coffee:Stressful day:Worked out;;0;1;1;0;0;1
2016-07-19 22:36:11;2016-07-20 05:50:31;77;434;;Drank coffee:Worked out;;0;0;1;0;0;1
2016-07-20 22:25:37;2016-07-21 05:56:20;82;450;;Drank coffee:Worked out;;0;0;1;0;0;1
2016-07-21 23:07:32;2016-07-22 07:00:25;87;472;;Drank coffee:Worked out;;0;0;1;0;0;1
2016-07-22 22:20:48;2016-07-23 07:56:07;99;575;;Drank coffee;;0;0;1;0;0;0
2016-07-23 23:47:33;2016-07-24 07:56:34;74;489;;Drank coffee;;0;0;1;0;0;0
2016-07-24 22:45:58;2016-07-25 06:14:20;81;448;;Drank coffee:Worked out;;0;0;1;0;0;1
2016-07-25 21:54:39;2016-07-26 06:02:22;86;487;;Drank coffee:Worked out;;0;0;1;0;0;1
2016-07-26 23:03:39;2016-07-27 06:11:38;84;427;;Drank coffee:Worked out;;0;0;1;0;0;1
2016-07-27 22:49:44;2016-07-28 07:11:03;95;501;;Drank coffee:Stressful day:Worked out;;0;1;1;0;0;1
2016-07-28 22:25:20;2016-07-29 03:35:22;35;310;;Drank coffee;;0;0;1;0;0;0
2016-08-16 22:05:56;2016-08-17 05:50:45;96;464;;Drank coffee:Drank tea:Stressful day;;0;1;1;1;0;0
2016-08-17 22:42:29;2016-08-18 06:15:46;78;453;;Ate late:Drank coffee:Worked out;;7200;0;1;0;1;1
2016-08-18 21:58:44;2016-08-19 06:23:31;36;504;;Drank coffee:Worked out;;3444;0;1;0;0;1
2016-08-20 22:04:29;2016-08-21 08:33:27;56;628;;Drank coffee;;7901;0;1;0;0;0
2016-08-21 22:08:40;2016-08-22 06:20:25;52;491;;Drank coffee:Drank tea;;3786;0;1;1;0;0
2016-08-22 22:13:35;2016-08-23 06:22:47;35;489;;Drank coffee:Worked out;;2668;0;1;0;0;1
2016-08-23 23:08:06;2016-08-24 06:38:18;51;450;;Drank coffee:Worked out;;4213;0;1;0;0;1
2016-08-24 21:51:35;2016-08-25 06:10:57;54;499;;Drank coffee:Worked out;;2210;0;1;0;0;1
2016-08-25 22:06:03;2016-08-26 06:19:47;55;493;;Drank coffee:Worked out;;3040;0;1;0;0;1
2016-08-26 23:49:26;2016-08-27 07:26:36;46;457;;Drank coffee:Worked out;;3887;0;1;0;0;1
2016-08-27 23:52:04;2016-08-28 08:25:52;48;513;;Drank coffee;;5631;0;1;0;0;0
2016-08-28 22:52:01;2016-08-29 06:40:35;36;468;;Drank coffee;;10059;0;1;0;0;0
2016-08-29 22:10:33;2016-08-30 06:20:22;40;489;;Drank coffee:Worked out;;3698;0;1;0;0;1
2016-08-30 22:21:42;2016-08-31 06:20:48;49;479;;Drank coffee:Worked out;;4399;0;1;0;0;1
2016-08-31 22:33:07;2016-09-01 06:20:32;49;467;;Drank coffee:Worked out;;4015;0;1;0;0;1
2016-09-01 23:08:05;2016-09-02 05:58:51;54;410;;Drank coffee:Worked out;;4374;0;1;0;0;1
2016-09-02 22:38:01;2016-09-03 07:47:43;67;549;;Drank coffee;;5038;0;1;0;0;0
2016-09-04 23:28:38;2016-09-05 08:00:45;61;512;;Drank coffee;;827;0;1;0;0;0
2016-09-05 21:00:08;2016-09-06 06:20:37;41;560;;Drank tea:Worked out;;2542;0;0;1;0;1
2016-09-06 22:11:10;2016-09-07 06:22:09;70;490;;Drank tea:Worked out;;7370;0;0;1;0;1
2016-09-07 22:31:00;2016-09-08 06:21:04;69;470;;Drank tea:Worked out;;5658;0;0;1;0;1
2016-09-08 22:28:57;2016-09-09 06:10:18;61;461;;Drank tea:Worked out;;7107;0;0;1;0;1
2016-09-10 00:45:06;2016-09-10 07:06:54;58;381;;Drank coffee:Worked out;;7048;0;1;0;0;1
2016-09-10 22:44:13;2016-09-11 06:01:14;33;437;;Drank tea;;6925;0;0;1;0;0
2016-09-11 23:05:56;2016-09-12 06:20:22;60;434;;Drank coffee;;1130;0;1;0;0;0
2016-09-12 22:46:00;2016-09-13 06:20:12;67;454;;Drank tea:Worked out;;7025;0;0;1;0;1
2016-09-13 21:55:44;2016-09-14 06:07:55;59;492;;Drank tea:Worked out;;5955;0;0;1;0;1
2016-09-14 22:26:52;2016-09-15 06:20:38;65;473;;Drank tea:Worked out;;9243;0;0;1;0;1
2016-09-17 22:26:00;2016-09-18 08:22:25;70;596;;Drank coffee;;908;0;1;0;0;0
2016-09-18 22:28:43;2016-09-19 06:24:18;57;475;;Drank coffee:Worked out;;2191;0;1;0;0;1
2016-09-19 22:14:12;2016-09-20 06:22:04;60;487;;Drank tea:Worked out;;11650;0;0;1;0;1
2016-09-20 22:39:22;2016-09-21 06:15:30;57;456;;Drank tea:Worked out;;10842;0;0;1;0;1
2016-09-21 22:11:55;2016-09-22 06:11:36;60;479;;Drank tea;;5765;0;0;1;0;0
2016-09-22 22:26:20;2016-09-23 06:55:45;70;509;;Drank tea:Worked out;;8047;0;0;1;0;1
2016-09-25 22:53:08;2016-09-26 06:24:53;58;451;;Drank coffee:Drank tea:Worked out;;359;0;1;1;0;1
2016-09-26 22:17:19;2016-09-27 06:20:57;55;483;;Drank tea:Stressful day:Worked out;;8733;1;0;1;0;1
2016-09-27 22:22:09;2016-09-28 06:06:46;55;464;;Drank tea:Worked out;;6963;0;0;1;0;1
2016-09-28 23:10:52;2016-09-29 06:20:16;60;429;;Drank coffee:Drank tea:Worked out;;10392;0;1;1;0;1
2016-09-29 22:50:50;2016-09-30 06:20:29;53;449;;Drank coffee:Worked out;;7230;0;1;0;0;1
2016-10-01 00:06:21;2016-10-01 08:27:00;67;500;;Drank coffee:Drank tea:Worked out;;7255;0;1;1;0;1
2016-10-01 23:23:45;2016-10-02 07:50:03;55;506;;Drank coffee;;4555;0;1;0;0;0
2016-10-02 23:29:07;2016-10-03 06:25:22;54;416;;Drank coffee:Drank tea;;8954;0;1;1;0;0
2016-10-03 22:24:38;2016-10-04 06:03:11;62;458;;Drank coffee:Drank tea:Worked out;;9726;0;1;1;0;1
2016-10-04 21:53:10;2016-10-05 06:21:35;66;508;;Drank tea:Worked out;;8587;0;0;1;0;1
2016-10-05 22:33:02;2016-10-06 06:21:09;54;468;;Drank tea:Worked out;;8612;0;0;1;0;1
2016-10-07 00:07:25;2016-10-07 06:40:59;52;393;;Drank tea:Worked out;;8737;0;0;1;0;1
2016-10-07 23:18:12;2016-10-08 07:20:20;71;482;;Drank coffee:Drank tea:Worked out;;10375;0;1;1;0;1
2016-10-10 22:38:44;2016-10-11 06:28:39;59;469;;Drank coffee:Drank tea:Worked out;;21870;0;1;1;0;1
2016-10-11 22:28:30;2016-10-12 06:14:27;56;465;;Drank tea:Worked out;;10106;0;0;1;0;1
2016-10-12 22:48:24;2016-10-13 06:05:17;65;436;;Drank coffee:Worked out;;9308;0;1;0;0;1
2016-10-13 22:26:35;2016-10-14 06:30:44;61;484;;Drank coffee:Worked out;;8406;0;1;0;0;1
2016-10-15 23:00:24;2016-10-16 07:31:15;71;510;;Drank coffee;;779;0;1;0;0;0
2016-10-16 22:52:39;2016-10-17 06:20:38;50;447;;Drank coffee:Drank tea;;3932;0;1;1;0;0
2016-10-17 22:53:05;2016-10-18 06:27:22;63;454;;Drank coffee:Drank tea:Worked out;;10266;0;1;1;0;1
2016-10-18 22:34:56;2016-10-19 06:10:12;67;455;;Drank coffee:Stressful day:Worked out;;10540;1;1;0;0;1
2016-10-19 22:13:21;2016-10-20 05:49:19;64;455;;Drank coffee:Worked out;;8164;0;1;0;0;1
2016-10-20 22:14:18;2016-10-21 06:33:30;67;499;;Drank coffee:Drank tea:Worked out;;7271;0;1;1;0;1
2016-10-22 01:38:50;2016-10-22 07:18:16;54;339;;Drank coffee:Drank tea;;6044;0;1;1;0;0
2016-10-23 00:07:46;2016-10-23 08:47:55;81;520;;Drank coffee;;7682;0;1;0;0;0
2016-10-23 22:21:35;2016-10-24 06:23:30;66;481;;Drank coffee:Drank tea;;6719;0;1;1;0;0
2016-10-24 23:04:24;2016-10-25 06:25:53;65;441;;Drank coffee:Drank tea:Worked out;;8273;0;1;1;0;1
2016-10-25 22:48:36;2016-10-26 06:35:20;69;466;;Drank tea:Worked out;;6366;0;0;1;0;1
2016-10-26 22:55:13;2016-10-27 06:26:10;72;450;;Drank coffee:Drank tea:Worked out;;9368;0;1;1;0;1
2016-10-27 23:03:27;2016-10-28 06:35:41;63;452;;Drank coffee:Drank tea:Worked out;;7967;0;1;1;0;1
2016-10-29 00:16:28;2016-10-29 07:51:08;66;454;;Drank coffee:Drank tea;;8641;0;1;1;0;0
2016-10-30 22:46:10;2016-10-31 06:10:08;68;443;;Drank coffee:Worked out;;1283;0;1;0;0;1
2016-11-01 22:19:52;2016-11-02 05:57:51;68;457;;Drank tea:Stressful day:Worked out;;4542;1;0;1;0;1
2016-11-02 22:52:01;2016-11-03 06:30:20;72;458;;Drank coffee:Drank tea:Stressful day;;2870;1;1;1;0;0
2016-11-04 00:13:27;2016-11-04 06:15:18;52;361;;Drank coffee:Drank tea:Stressful day;;10506;1;1;1;0;0
2016-11-04 22:49:41;2016-11-05 07:58:35;80;548;;Drank coffee:Stressful day;;6716;1;1;0;0;0
2016-11-06 21:58:25;2016-11-07 05:47:40;65;469;;Drank coffee;;6623;0;1;0;0;0
2016-11-07 22:16:20;2016-11-08 05:51:55;70;455;;Drank tea:Worked out;;6608;0;0;1;0;1
2016-11-08 22:51:28;2016-11-09 05:48:09;62;416;;Drank coffee:Drank tea:Worked out;;7119;0;1;1;0;1
2016-11-09 22:37:37;2016-11-10 05:55:35;65;437;;Drank coffee:Drank tea:Worked out;;8981;0;1;1;0;1
2016-11-10 23:58:36;2016-11-11 07:19:01;56;440;;Drank coffee:Drank tea:Worked out;;7385;0;1;1;0;1
2016-11-11 23:25:33;2016-11-12 07:16:45;74;471;;Drank coffee:Drank tea;;737;0;1;1;0;0
2016-11-15 22:14:54;2016-11-16 07:35:12;72;560;;Drank tea;;5274;0;0;1;0;0
2016-11-16 23:10:58;2016-11-17 07:07:23;70;476;;Drank coffee;;2670;0;1;0;0;0
2016-11-17 23:15:24;2016-11-18 06:59:25;73;464;;Drank tea;;5825;0;0;1;0;0
2016-11-18 23:37:14;2016-11-19 07:13:39;70;456;;Drank coffee:Drank tea;;5971;0;1;1;0;0
2016-11-19 23:47:47;2016-11-20 07:53:30;81;485;;Drank tea;;1540;0;0;1;0;0
2016-11-20 23:00:56;2016-11-21 07:02:20;80;481;;Drank coffee:Drank tea;;847;0;1;1;0;0
2016-11-21 22:38:54;2016-11-22 05:40:29;68;421;;Drank coffee:Drank tea;;6149;0;1;1;0;0
2016-11-22 21:26:49;2016-11-23 05:40:44;80;493;;Drank tea:Worked out;;10585;0;0;1;0;1
2016-11-23 22:44:23;2016-11-24 06:10:19;73;445;;Drank coffee:Drank tea:Worked out;;10248;0;1;1;0;1
2016-11-24 22:00:35;2016-11-25 06:39:41;88;519;;Drank tea:Worked out;;6536;0;0;1;0;1
2016-11-25 23:09:40;2016-11-26 07:40:13;89;510;;Drank coffee:Drank tea;;5628;0;1;1;0;0
2016-11-27 22:01:16;2016-11-28 06:18:05;75;496;;Drank tea;;595;0;0;1;0;0
2016-11-28 22:35:53;2016-11-29 06:26:48;83;470;;Drank tea:Worked out;;7499;0;0;1;0;1
2016-11-29 23:33:57;2016-11-30 06:31:02;71;417;;Drank tea;;3196;0;0;1;0;0
2016-11-30 21:12:34;2016-12-01 05:13:52;89;481;;Drank coffee:Drank tea;;3763;0;1;1;0;0
2016-12-01 21:40:00;2016-12-02 05:11:18;71;451;;Drank tea;;4904;0;0;1;0;0
2016-12-04 01:18:30;2016-12-04 09:20:41;89;482;;Drank coffee:Drank tea;;3158;0;1;1;0;0
2016-12-04 21:45:14;2016-12-05 05:45:33;78;480;;Drank tea;;4514;0;0;1;0;0
2016-12-05 21:44:42;2016-12-06 05:40:05;79;475;;Drank tea:Worked out;;7137;0;0;1;0;1
2016-12-06 22:13:52;2016-12-07 05:46:46;72;452;;Drank tea:Worked out;;7709;0;0;1;0;1
2016-12-07 22:46:53;2016-12-08 06:19:39;82;452;;Drank coffee:Drank tea:Worked out;;10521;0;1;1;0;1
2016-12-08 23:32:15;2016-12-09 06:47:33;69;435;;Drank coffee:Drank tea:Worked out;;9338;0;1;1;0;1
2016-12-09 22:48:02;2016-12-10 08:11:02;79;563;;Drank tea;;4629;0;0;1;0;0
2016-12-11 01:07:36;2016-12-11 08:27:16;82;439;;Drank coffee:Worked out;;5776;0;1;0;0;1
2016-12-11 22:14:46;2016-12-12 06:16:45;85;481;;Drank tea;;168;0;0;1;0;0
2016-12-12 22:56:32;2016-12-13 06:35:28;81;458;;Drank coffee:Drank tea;;6964;0;1;1;0;0
2016-12-13 22:02:53;2016-12-14 06:05:24;83;482;;Drank coffee:Drank tea:Worked out;;3448;0;1;1;0;1
2016-12-14 21:57:40;2016-12-15 06:18:20;74;500;;Drank tea;;4114;0;0;1;0;0
2016-12-15 21:29:37;2016-12-16 05:00:47;75;451;;Drank tea;;7112;0;0;1;0;0
2016-12-18 22:35:39;2016-12-19 05:47:37;78;431;;Drank coffee:Drank tea;;3391;0;1;1;0;0
2016-12-19 21:49:28;2016-12-20 06:35:32;96;526;;Drank tea;;2335;0;0;1;0;0
2016-12-20 23:48:48;2016-12-21 07:09:06;84;440;;Drank tea;;7293;0;0;1;0;0
2016-12-21 23:56:08;2016-12-22 07:30:08;86;453;;Drank coffee:Drank tea;;8488;0;1;1;0;0
2016-12-22 23:07:02;2016-12-23 07:07:26;74;480;;Drank coffee:Drank tea:Stressful day;;5701;1;1;1;0;0
2016-12-27 23:17:04;2016-12-28 07:22:29;69;485;;Drank coffee:Drank tea;;4509;0;1;1;0;0
2016-12-30 23:25:36;2016-12-31 08:26:18;92;540;;Drank coffee:Drank tea;;3868;0;1;1;0;0
2017-01-02 22:35:54;2017-01-03 05:10:36;73;394;;Drank coffee:Drank tea;;5216;0;1;1;0;0
2017-01-03 21:47:36;2017-01-04 05:57:07;87;489;;Drank tea;;3669;0;0;1;0;0
2017-01-04 22:40:41;2017-01-05 06:10:16;87;449;;Drank coffee:Drank tea:Worked out;;10856;0;1;1;0;1
2017-01-05 22:39:33;2017-01-06 06:42:11;93;482;;Drank tea:Worked out;;7787;0;0;1;0;1
2017-01-06 23:14:42;2017-01-07 08:43:54;90;569;;Drank coffee:Drank tea;;10344;0;1;1;0;0
2017-01-08 00:34:09;2017-01-08 07:56:17;79;442;;Drank tea;;3094;0;0;1;0;0
2017-01-08 22:07:26;2017-01-09 06:23:46;84;496;;Drank tea;;202;0;0;1;0;0
2017-01-09 22:42:26;2017-01-10 06:40:14;65;477;;Drank coffee:Drank tea;;7122;0;1;1;0;0
2017-01-10 22:20:00;2017-01-11 06:14:43;84;474;;Drank coffee:Drank tea;;1734;0;1;1;0;0
2017-01-11 22:14:13;2017-01-12 05:22:08;73;427;;Drank coffee:Drank tea;;2562;0;1;1;0;0
2017-01-12 22:13:43;2017-01-13 05:31:40;64;437;;Ate late:Drank coffee:Drank tea;;8076;0;1;1;1;0
2017-01-13 23:27:43;2017-01-14 07:22:42;89;474;;Drank tea:Worked out;;12802;0;0;1;0;1
2017-01-15 23:25:52;2017-01-16 06:58:37;74;452;;Drank coffee:Drank tea:Worked out;;12258;0;1;1;0;1
2017-01-16 21:58:38;2017-01-17 05:11:26;71;432;;Drank tea;;4540;0;0;1;0;0
2017-01-17 22:23:54;2017-01-18 05:01:08;57;397;;Drank tea;;173;0;0;1;0;0
2017-01-18 22:22:23;2017-01-19 06:31:54;76;489;;Drank tea;;6368;0;0;1;0;0
2017-01-19 22:14:59;2017-01-20 06:30:21;92;495;;Drank coffee:Drank tea;;1740;0;1;1;0;0
2017-01-20 23:07:08;2017-01-21 07:45:58;78;518;;Drank tea;;5056;0;0;1;0;0
2017-01-21 23:12:38;2017-01-22 07:42:38;96;509;;Drank tea;;4223;0;0;1;0;0
2017-01-22 22:03:13;2017-01-23 06:25:22;64;502;;Drank tea;;4336;0;0;1;0;0
2017-01-23 22:34:02;2017-01-24 06:09:14;89;455;;Drank coffee:Drank tea;;4772;0;1;1;0;0
2017-01-24 22:55:44;2017-01-25 06:13:18;84;437;;Drank coffee:Drank tea;;3492;0;1;1;0;0
2017-01-25 20:54:01;2017-01-26 05:09:50;85;495;;Drank tea:Worked out;;6010;0;0;1;0;1
2017-01-26 22:12:44;2017-01-27 04:58:00;54;405;;Drank coffee:Drank tea:Worked out;;4200;0;1;1;0;1
2017-01-27 23:22:46;2017-01-28 07:25:11;91;482;;Drank coffee:Drank tea;;4573;0;1;1;0;0
2017-01-30 23:27:29;2017-01-31 06:01:53;63;394;;Drank coffee;;3228;0;1;0;0;0
2017-01-31 22:44:33;2017-02-01 06:20:33;78;456;;Drank coffee:Drank tea:Worked out;;5379;0;1;1;0;1
2017-02-01 22:41:03;2017-02-02 06:10:32;74;449;;Drank coffee:Drank tea:Worked out;;7521;0;1;1;0;1
2017-02-02 22:19:54;2017-02-03 06:31:10;85;491;;Drank coffee:Drank tea;;2309;0;1;1;0;0
2017-02-03 23:58:49;2017-02-04 07:08:37;80;429;;Drank coffee:Drank tea;;2983;0;1;1;0;0
2017-02-04 23:45:02;2017-02-05 07:20:28;68;455;;Drank coffee:Drank tea;;6833;0;1;1;0;0
2017-02-05 22:53:55;2017-02-06 06:30:28;75;456;;Drank coffee:Drank tea;;7665;0;1;1;0;0
2017-02-06 22:30:15;2017-02-07 06:20:17;71;470;;Ate late:Drank coffee:Drank tea:Worked out;;7552;0;1;1;1;1
2017-02-07 23:34:51;2017-02-08 06:30:17;71;415;;Drank coffee:Drank tea;;5339;0;1;1;0;0
2017-02-08 23:46:48;2017-02-09 06:27:00;68;400;;Drank coffee:Drank tea;;4076;0;1;1;0;0
2017-02-09 22:31:43;2017-02-10 05:00:18;62;388;;Drank coffee:Drank tea:Stressful day:Worked out;;12892;1;1;1;0;1
2017-02-10 22:37:33;2017-02-11 07:07:59;100;510;;Drank tea;;3417;0;0;1;0;0
2017-02-12 21:49:33;2017-02-13 07:06:19;63;556;;Drank coffee:Drank tea;;2756;0;1;1;0;0
2017-02-13 21:51:58;2017-02-14 05:02:27;74;430;;Drank coffee:Drank tea;;6003;0;1;1;0;0
2017-02-14 23:17:25;2017-02-15 06:13:14;59;415;;Drank coffee:Drank tea;;3588;0;1;1;0;0
2017-02-15 22:36:26;2017-02-16 06:25:08;44;468;;Drank coffee:Drank tea;;5558;0;1;1;0;0
2017-02-16 22:33:17;2017-02-17 06:31:28;83;478;;Drank coffee:Drank tea;;3301;0;1;1;0;0
2017-02-17 23:49:14;2017-02-18 08:09:19;93;500;;Drank coffee:Drank tea;;3027;0;1;1;0;0
2017-02-19 00:28:17;2017-02-19 08:16:49;79;468;;Drank tea;;3361;0;0;1;0;0
2017-02-19 22:12:40;2017-02-20 06:16:47;66;484;;Drank coffee:Drank tea;;460;0;1;1;0;0
2017-02-20 22:43:58;2017-02-21 06:27:19;76;463;;Drank tea;;7419;0;0;1;0;0
2017-02-21 23:14:34;2017-02-22 06:26:11;72;431;;Drank coffee:Drank tea;;5499;0;1;1;0;0
2017-02-22 21:30:46;2017-02-23 05:02:42;83;451;;Drank tea;;4258;0;0;1;0;0
2017-02-23 22:15:13;2017-02-24 05:34:22;81;439;;Drank coffee:Drank tea;;5862;0;1;1;0;0
2017-02-25 02:46:24;2017-02-25 09:52:39;80;426;;Ate late:Drank coffee:Drank tea:Worked out;;6388;0;1;1;1;1
2017-02-26 00:40:06;2017-02-26 07:47:20;77;427;;Drank tea;;4275;0;0;1;0;0
2017-02-27 22:16:11;2017-02-28 05:50:20;81;454;;Drank coffee;;2499;0;1;0;0;0
2017-02-28 21:39:30;2017-03-01 05:40:39;87;481;;Drank coffee:Drank tea:Worked out;;7351;0;1;1;0;1
2017-03-01 22:23:16;2017-03-02 06:30:31;85;487;;Drank coffee:Drank tea;;6109;0;1;1;0;0
2017-03-02 22:22:27;2017-03-03 06:18:06;81;475;;Drank coffee:Drank tea:Worked out;;6388;0;1;1;0;1
2017-03-05 00:12:24;2017-03-05 08:28:54;96;496;;Drank coffee:Drank tea;;6785;0;1;1;0;0
2017-03-05 22:01:00;2017-03-06 06:08:33;93;487;;Drank coffee:Drank tea;;171;0;1;1;0;0
2017-03-06 22:01:27;2017-03-07 06:22:56;97;501;;Drank coffee:Drank tea;;4670;0;1;1;0;0
2017-03-07 22:13:31;2017-03-08 06:15:26;90;481;;Drank coffee:Drank tea:Worked out;;7000;0;1;1;0;1
2017-03-08 21:13:09;2017-03-09 06:18:48;85;545;;Drank coffee:Drank tea;;3744;0;1;1;0;0
2017-03-09 21:48:29;2017-03-10 05:01:32;71;433;;Drank coffee:Drank tea:Worked out;;7028;0;1;1;0;1
2017-03-10 22:42:49;2017-03-11 06:57:16;86;494;;Drank coffee:Drank tea;;2679;0;1;1;0;0
2017-03-12 22:39:47;2017-03-13 06:33:44;80;473;;Drank coffee:Drank tea;;1572;0;1;1;0;0
2017-03-13 21:20:30;2017-03-14 05:02:38;81;462;;Drank tea:Worked out;;6212;0;0;1;0;1
2017-03-14 21:06:21;2017-03-15 05:23:46;89;497;;Drank tea:Worked out;;5933;0;0;1;0;1
2017-03-15 22:33:27;2017-03-16 06:17:42;71;464;;Drank coffee:Drank tea:Worked out;;9185;0;1;1;0;1
2017-03-16 22:33:05;2017-03-17 06:37:29;95;484;;Drank coffee:Drank tea:Worked out;;7887;0;1;1;0;1
2017-03-17 22:55:16;2017-03-18 08:02:40;99;547;;Drank coffee:Drank tea;;10528;0;1;1;0;0
2017-03-18 22:26:50;2017-03-19 07:21:18;89;534;;Drank tea;;302;0;0;1;0;0
2017-03-20 00:02:06;2017-03-20 07:20:24;79;438;;Drank coffee:Drank tea;;2750;0;1;1;0;0
2017-03-20 23:35:25;2017-03-21 07:16:45;88;461;;Drank coffee:Drank tea;;3695;0;1;1;0;0
2017-03-21 23:20:23;2017-03-22 06:21:50;79;421;;Drank coffee:Drank tea;;1913;0;1;1;0;0
2017-03-22 22:02:27;2017-03-23 05:15:10;72;432;;Drank tea:Worked out;;7155;0;0;1;0;1
2017-03-23 22:20:49;2017-03-24 05:41:56;76;441;;Drank coffee:Drank tea:Worked out;;7810;0;1;1;0;1
2017-03-25 23:19:31;2017-03-26 07:16:06;100;476;;Drank coffee:Drank tea;;3549;0;1;1;0;0
2017-03-26 22:03:26;2017-03-27 05:33:14;83;449;;Drank coffee:Drank tea:Worked out;;3554;0;1;1;0;1
2017-03-27 21:19:26;2017-03-28 05:42:21;78;502;;Drank tea:Worked out;;7562;0;0;1;0;1
2017-03-28 22:29:53;2017-03-29 05:41:34;78;431;;Drank coffee:Drank tea:Worked out;;7823;0;1;1;0;1
2017-03-29 22:29:26;2017-03-30 06:04:16;79;454;;Drank coffee:Drank tea:Worked out;;7708;0;1;1;0;1
2017-03-30 22:42:12;2017-03-31 07:33:52;93;531;;Drank coffee:Drank tea:Worked out;;8615;0;1;1;0;1
2017-04-01 02:10:07;2017-04-01 08:37:45;80;387;;Drank coffee:Drank tea;;9461;0;1;1;0;0
2017-04-01 21:22:18;2017-04-02 07:16:24;95;594;;Drank tea;;4595;0;0;1;0;0
2017-04-02 22:01:10;2017-04-03 06:20:15;90;499;;Drank coffee:Drank tea:Worked out;;2835;0;1;1;0;1
2017-04-03 21:58:04;2017-04-04 06:01:05;92;483;;Drank tea;;1898;0;0;1;0;0
2017-04-04 22:01:48;2017-04-05 06:11:12;81;489;;Drank tea:Worked out;;8396;0;0;1;0;1
2017-04-05 23:45:02;2017-04-06 06:20:30;73;395;;Drank coffee:Drank tea:Worked out;;7948;0;1;1;0;1
2017-04-06 23:12:55;2017-04-07 06:20:28;68;427;;Drank coffee:Drank tea:Worked out;;14408;0;1;1;0;1
2017-04-08 00:00:47;2017-04-08 07:30:09;75;449;;Drank coffee:Drank tea:Worked out;;8646;0;1;1;0;1
2017-04-10 00:52:01;2017-04-10 06:32:21;65;340;;Drank coffee;;771;0;1;0;0;0
2017-04-10 22:21:48;2017-04-11 05:41:07;70;439;;Drank tea:Worked out;;11355;0;0;1;0;1
2017-04-11 22:39:32;2017-04-12 05:55:47;67;436;;;;4153;0;0;0;0;0
2017-04-12 21:42:46;2017-04-13 06:54:43;74;551;;Drank tea;;1318;0;0;1;0;0
2017-04-13 23:52:36;2017-04-14 08:05:24;83;492;;Drank coffee:Drank tea;;889;0;1;1;0;0
2017-04-14 21:45:29;2017-04-15 07:52:55;88;607;;Drank tea;;4787;0;0;1;0;0
2017-04-15 23:23:33;2017-04-16 07:05:46;73;462;;Drank tea;;4581;0;0;1;0;0
2017-04-17 00:06:45;2017-04-17 07:51:04;83;464;;Drank coffee:Drank tea;;1510;0;1;1;0;0
2017-04-17 22:12:26;2017-04-18 05:54:09;66;461;;Drank coffee:Drank tea;;780;0;1;1;0;0
2017-04-18 22:43:50;2017-04-19 06:20:23;59;456;;Drank coffee:Drank tea:Worked out;;6284;0;1;1;0;1
2017-04-19 21:39:14;2017-04-20 05:30:23;75;471;;;;8213;0;0;0;0;0
2017-04-20 22:15:07;2017-04-21 05:41:14;75;446;;Drank coffee:Drank tea:Worked out;;7905;0;1;1;0;1
2017-04-21 22:36:25;2017-04-22 07:46:24;83;549;;Drank coffee:Drank tea:Worked out;;8072;0;1;1;0;1
2017-04-23 00:53:51;2017-04-23 08:38:20;86;464;;Drank coffee:Drank tea;;2666;0;1;1;0;0
2017-04-23 22:31:31;2017-04-24 06:31:01;75;479;;Drank coffee;;3042;0;1;0;0;0
2017-04-24 23:07:26;2017-04-25 06:34:32;72;447;;Drank coffee:Drank tea:Worked out;;10319;0;1;1;0;1
2017-04-25 22:20:09;2017-04-26 06:20:58;85;480;;Drank coffee:Drank tea:Worked out;;8358;0;1;1;0;1
2017-04-26 22:25:19;2017-04-27 06:32:18;68;486;;Drank coffee:Drank tea:Worked out;;7337;0;1;1;0;1
2017-04-27 22:48:26;2017-04-28 06:40:19;64;471;;Drank coffee:Drank tea:Worked out;;6551;0;1;1;0;1
2017-04-28 23:39:58;2017-04-29 08:17:11;90;517;;Drank coffee:Drank tea:Stressful day;;3357;1;1;1;0;0
2017-04-29 23:39:22;2017-04-30 07:23:20;74;463;;Drank coffee:Drank tea;;2668;0;1;1;0;0
2017-04-30 22:28:38;2017-05-01 06:16:14;72;467;;Drank coffee:Drank tea:Worked out;;7491;0;1;1;0;1
2017-05-01 22:00:53;2017-05-02 06:17:03;74;496;;Drank coffee:Drank tea:Worked out;;11475;0;1;1;0;1
2017-05-02 21:47:56;2017-05-03 06:04:42;77;496;;Drank coffee:Drank tea:Worked out;;4810;0;1;1;0;1
2017-05-03 22:59:05;2017-05-04 06:20:50;59;441;;Drank coffee:Drank tea:Worked out;;6932;0;1;1;0;1
2017-05-04 22:37:37;2017-05-05 06:10:20;73;452;;Drank coffee:Drank tea:Worked out;;5954;0;1;1;0;1
2017-05-06 00:25:02;2017-05-06 07:45:11;83;440;;Drank coffee:Drank tea:Worked out;;11070;0;1;1;0;1
2017-05-07 21:51:42;2017-05-08 06:10:11;81;498;;Drank coffee;;4310;0;1;0;0;0
2017-05-08 22:28:29;2017-05-09 06:11:31;66;463;;Drank coffee:Drank tea:Worked out;;8598;0;1;1;0;1
2017-05-09 23:33:31;2017-05-10 06:03:03;64;389;;Drank coffee:Drank tea:Worked out;;6073;0;1;1;0;1
2017-05-10 22:43:36;2017-05-11 06:16:14;82;452;;Drank coffee:Drank tea;;2854;0;1;1;0;0
2017-05-11 21:52:42;2017-05-12 06:40:09;95;527;;Drank coffee:Drank tea:Worked out;;4280;0;1;1;0;1
2017-05-13 00:42:34;2017-05-13 07:41:35;73;419;;Drank coffee:Drank tea:Worked out;;4068;0;1;1;0;1
2017-05-14 00:04:29;2017-05-14 08:11:13;73;486;;Drank tea;;3298;0;0;1;0;0
2017-05-14 21:57:30;2017-05-15 06:20:25;77;502;;Drank coffee:Drank tea;;3958;0;1;1;0;0
2017-05-15 22:55:59;2017-05-16 06:30:17;75;454;;Drank coffee:Drank tea:Worked out;;7661;0;1;1;0;1
2017-05-16 22:41:34;2017-05-17 06:17:58;73;456;;Drank tea;;1865;0;0;1;0;0
2017-05-17 22:44:16;2017-05-18 06:40:48;90;476;;Drank coffee:Drank tea:Worked out;;6764;0;1;1;0;1
2017-05-18 23:17:42;2017-05-19 06:27:47;88;430;;Drank coffee:Drank tea:Stressful day:Worked out;;82;1;1;1;0;1
2017-05-20 01:04:03;2017-05-20 08:56:08;73;472;;Drank coffee:Drank tea:Worked out;;5606;0;1;1;0;1
2017-05-22 22:29:18;2017-05-23 07:35:39;90;546;;Drank tea:Worked out;;8858;0;0;1;0;1
2017-05-24 00:14:39;2017-05-24 07:46:48;70;452;;Drank coffee:Worked out;;14276;0;1;0;0;1
2017-05-24 22:09:30;2017-05-25 06:37:45;82;508;;Drank tea:Worked out;;3884;0;0;1;0;1
2017-05-25 22:19:48;2017-05-26 06:24:25;73;484;;Drank tea:Worked out;;4565;0;0;1;0;1
2017-05-28 00:18:11;2017-05-28 08:01:15;81;463;;Drank coffee:Worked out;;3770;0;1;0;0;1
2017-05-28 22:37:11;2017-05-29 06:18:28;75;461;;Drank coffee;;1450;0;1;0;0;0
2017-05-29 22:28:43;2017-05-30 06:11:10;88;462;;Drank coffee:Stressful day:Worked out;;7711;1;1;0;0;1
2017-05-30 21:59:14;2017-05-31 06:20:27;75;501;;Ate late:Drank coffee:Worked out;;6430;0;1;0;1;1
2017-05-31 22:26:34;2017-06-01 05:45:50;86;439;;Drank coffee:Drank tea:Worked out;;6964;0;1;1;0;1
2017-06-01 22:59:29;2017-06-02 06:40:30;80;461;;Drank coffee:Drank tea:Worked out;;4562;0;1;1;0;1
2017-06-02 22:05:31;2017-06-03 06:11:20;69;485;;Drank coffee:Drank tea;;1867;0;1;1;0;0
2017-06-03 21:56:57;2017-06-04 07:13:29;72;556;;Drank coffee:Worked out;;8205;0;1;0;0;1
2017-06-04 23:14:35;2017-06-05 06:21:14;67;426;;Drank coffee;;6705;0;1;0;0;0
2017-06-05 22:30:09;2017-06-06 06:17:34;74;467;;Drank coffee:Worked out;;7820;0;1;0;0;1
2017-06-06 21:38:46;2017-06-07 05:53:29;76;494;;Drank coffee:Drank tea:Stressful day:Worked out;;5391;1;1;1;0;1
2017-06-07 22:54:08;2017-06-08 06:34:25;41;460;;Drank coffee:Drank tea:Worked out;;10542;0;1;1;0;1
2017-06-08 21:47:22;2017-06-09 06:17:26;70;510;;Drank tea;;255;0;0;1;0;0
2017-06-10 00:07:56;2017-06-10 07:55:35;67;467;;;;10427;0;0;0;0;0
2017-06-11 22:18:20;2017-06-12 06:10:31;78;472;;;;6507;0;0;0;0;0
2017-06-12 21:44:54;2017-06-13 06:17:41;93;512;;;;10373;0;0;0;0;0
2017-06-13 22:18:02;2017-06-14 06:12:15;74;474;;;;9204;0;0;0;0;0
2017-06-14 22:34:54;2017-06-15 06:13:20;68;458;;;;5027;0;0;0;0;0
2017-06-15 22:19:07;2017-06-16 06:07:14;76;468;;;;7106;0;0;0;0;0
2017-06-18 22:22:20;2017-06-19 06:02:19;66;459;;;;5251;0;0;0;0;0
2017-06-19 22:57:14;2017-06-20 06:24:06;70;446;;;;6672;0;0;0;0;0
2017-06-20 22:31:36;2017-06-21 06:15:06;77;463;;;;7007;0;0;0;0;0
2017-06-21 22:32:49;2017-06-22 06:10:27;72;457;;;;4898;0;0;0;0;0
2017-06-22 23:37:40;2017-06-23 06:38:08;59;420;;;;7064;0;0;0;0;0
2017-06-23 23:26:37;2017-06-24 07:11:05;74;464;;;;114;0;0;0;0;0
2017-06-25 22:08:35;2017-06-26 06:18:46;83;490;;;;3403;0;0;0;0;0
2017-06-26 21:24:01;2017-06-27 06:15:53;90;531;;;;6043;0;0;0;0;0
2017-06-27 21:52:15;2017-06-28 06:33:17;86;521;;;;8946;0;0;0;0;0
2017-06-28 21:53:16;2017-06-29 06:21:30;69;508;;;;7778;0;0;0;0;0
2017-06-29 22:32:41;2017-06-30 06:33:05;77;480;;;;5510;0;0;0;0;0
2017-07-03 00:31:28;2017-07-03 07:44:16;81;432;;;;17770;0;0;0;0;0
2017-07-03 22:37:36;2017-07-04 06:18:46;73;461;;;;10604;0;0;0;0;0
2017-07-04 22:07:02;2017-07-05 05:55:45;74;468;;;;7474;0;0;0;0;0
2017-07-05 21:48:16;2017-07-06 05:43:17;66;475;;;;6430;0;0;0;0;0
2017-07-06 22:33:57;2017-07-07 06:31:01;73;477;;;;11076;0;0;0;0;0
2017-07-09 22:36:36;2017-07-10 05:59:34;70;442;;;;12647;0;0;0;0;0
2017-07-10 22:25:58;2017-07-11 06:01:00;74;455;;;;4260;0;0;0;0;0
2017-07-11 21:39:56;2017-07-12 06:06:25;65;506;;;;5504;0;0;0;0;0
2017-07-12 23:12:08;2017-07-13 06:25:50;67;433;;;;6915;0;0;0;0;0
2017-07-13 22:30:55;2017-07-14 06:45:43;81;494;;;;3919;0;0;0;0;0
2017-07-15 01:10:44;2017-07-15 07:54:40;78;403;;;;5342;0;0;0;0;0
2017-07-16 02:12:50;2017-07-16 07:53:21;69;340;;;;3739;0;0;0;0;0
2017-07-16 22:08:10;2017-07-17 06:25:30;70;497;;;;5925;0;0;0;0;0
2017-07-17 22:51:14;2017-07-18 06:17:36;71;446;;;;4840;0;0;0;0;0
2017-07-18 22:00:00;2017-07-19 06:39:58;84;519;;;;5157;0;0;0;0;0
2017-07-19 21:45:40;2017-07-20 05:55:33;87;489;;;;4336;0;0;0;0;0
2017-07-22 01:06:17;2017-07-22 07:54:35;68;408;;;;135;0;0;0;0;0
2017-07-22 23:13:07;2017-07-23 07:10:13;78;477;;;;5579;0;0;0;0;0
2017-07-23 21:57:52;2017-07-24 05:49:17;84;471;;;;3901;0;0;0;0;0
2017-07-25 22:04:25;2017-07-26 05:48:19;87;463;;;;5451;0;0;0;0;0
2017-07-26 22:29:46;2017-07-27 06:05:30;74;455;;;;2899;0;0;0;0;0
2017-07-27 21:53:02;2017-07-28 05:50:03;51;477;;;;1552;0;0;0;0;0
2017-07-28 23:29:02;2017-07-29 06:22:28;38;413;;;;5221;0;0;0;0;0
2017-07-29 22:00:52;2017-07-30 06:50:26;72;529;;;;3834;0;0;0;0;0
2017-07-30 23:20:22;2017-07-31 06:33:10;89;432;;;;1018;0;0;0;0;0
2017-07-31 22:39:28;2017-08-01 06:19:20;82;459;;;;1837;0;0;0;0;0
2017-08-01 23:15:08;2017-08-02 06:10:05;77;414;;;;893;0;0;0;0;0
2017-08-02 22:32:50;2017-08-03 06:06:01;81;453;;;;5280;0;0;0;0;0
2017-08-03 23:14:21;2017-08-04 06:32:32;80;438;;;;3584;0;0;0;0;0
2017-08-04 22:59:14;2017-08-05 07:31:09;76;511;;;;1114;0;0;0;0;0
2017-08-05 23:37:59;2017-08-06 07:38:03;81;480;;;;5152;0;0;0;0;0
2017-08-06 23:03:23;2017-08-07 08:12:03;99;548;;;;3045;0;0;0;0;0
2017-08-07 23:14:29;2017-08-08 07:41:10;73;506;;;;2429;0;0;0;0;0
2017-08-08 22:34:04;2017-08-09 06:05:52;81;451;;;;7187;0;0;0;0;0
2017-08-09 23:22:48;2017-08-10 05:53:13;59;390;;;;4488;0;0;0;0;0
2017-08-12 22:58:37;2017-08-13 06:40:56;79;462;;;;5541;0;0;0;0;0
2017-08-13 22:46:18;2017-08-14 05:51:01;58;424;;;;6246;0;0;0;0;0
2017-08-14 22:32:46;2017-08-15 05:51:31;67;438;;;;7940;0;0;0;0;0
2017-08-15 21:56:15;2017-08-16 06:30:25;83;514;;;;5029;0;0;0;0;0
2017-08-16 22:01:52;2017-08-17 05:29:51;81;447;;;;9185;0;0;0;0;0
2017-08-17 20:36:10;2017-08-18 04:53:01;35;496;;;;7581;0;0;0;0;0
2017-08-25 23:37:21;2017-08-26 06:38:04;30;420;;;;10605;0;0;0;0;0
2017-08-27 22:15:33;2017-08-28 07:00:30;94;524;;;;13476;0;0;0;0;0
2017-08-28 22:03:24;2017-08-29 07:20:54;82;557;;;;3921;0;0;0;0;0
2017-08-30 23:01:16;2017-08-31 06:38:25;74;457;;;;3332;0;0;0;0;0
2017-08-31 23:01:05;2017-09-01 07:16:49;81;495;;;;3001;0;0;0;0;0
2017-09-01 22:33:45;2017-09-02 07:38:02;89;544;;;;7268;0;0;0;0;0
2017-09-03 00:46:32;2017-09-03 08:08:23;81;441;;;;4835;0;0;0;0;0
2017-09-03 23:07:20;2017-09-04 07:22:04;84;494;;;;3230;0;0;0;0;0
2017-09-04 22:49:42;2017-09-05 06:07:20;59;437;;;;1333;0;0;0;0;0
2017-09-05 22:38:20;2017-09-06 06:08:21;81;450;;;;8922;0;0;0;0;0
2017-09-06 22:02:41;2017-09-07 06:02:21;79;479;;;;5095;0;0;0;0;0
2017-09-07 22:26:23;2017-09-08 06:05:39;77;459;;;;5470;0;0;0;0;0
2017-09-09 21:24:16;2017-09-10 06:13:13;74;528;;;;2257;0;0;0;0;0
2017-09-11 22:39:00;2017-09-12 06:06:05;56;447;;;;12094;0;0;0;0;0
2017-09-12 22:03:48;2017-09-13 06:08:39;86;484;;;;6059;0;0;0;0;0
2017-09-13 23:43:45;2017-09-14 06:32:29;55;408;;;;6075;0;0;0;0;0
2017-09-14 22:06:34;2017-09-15 06:05:38;79;479;;;;4400;0;0;0;0;0
2017-09-16 00:18:13;2017-09-16 08:51:40;91;513;;;;4880;0;0;0;0;0
2017-09-17 22:50:59;2017-09-18 06:32:47;71;461;;;;7213;0;0;0;0;0
2017-09-18 22:19:43;2017-09-19 06:04:41;69;464;;;;3640;0;0;0;0;0
2017-09-19 22:16:47;2017-09-20 06:04:25;76;467;;;;5184;0;0;0;0;0
2017-09-20 22:04:28;2017-09-21 06:06:58;65;482;;;;4443;0;0;0;0;0
2017-09-21 22:23:28;2017-09-22 06:07:29;72;464;;;;5242;0;0;0;0;0
2017-09-24 21:44:24;2017-09-25 05:57:26;80;493;;;;5142;0;0;0;0;0
2017-09-25 22:17:38;2017-09-26 06:19:01;73;481;;;;5050;0;0;0;0;0
2017-09-26 23:01:43;2017-09-27 05:49:35;66;407;;;;1706;0;0;0;0;0
2017-09-27 22:06:02;2017-09-28 06:08:22;83;482;;;;10076;0;0;0;0;0
2017-09-28 23:36:21;2017-09-29 06:41:18;75;424;;;;5320;0;0;0;0;0
2017-09-29 23:14:44;2017-09-30 08:00:51;80;526;;;;2809;0;0;0;0;0
2017-10-01 00:03:39;2017-10-01 07:36:48;79;453;;;;6235;0;0;0;0;0
2017-10-01 21:44:19;2017-10-02 06:05:20;69;501;;;;2757;0;0;0;0;0
2017-10-02 22:55:18;2017-10-03 06:00:50;76;425;;;;5551;0;0;0;0;0
2017-10-03 21:41:07;2017-10-04 06:25:44;96;524;;;;3729;0;0;0;0;0
2017-10-04 22:44:21;2017-10-05 06:05:20;75;440;;;;7101;0;0;0;0;0
2017-10-05 21:24:20;2017-10-06 04:37:37;76;433;;;;4906;0;0;0;0;0
2017-10-06 22:56:47;2017-10-07 07:44:33;55;527;;;;4507;0;0;0;0;0
2017-10-07 21:57:55;2017-10-08 08:05:32;71;607;;;;1588;0;0;0;0;0
2017-10-09 22:27:21;2017-10-10 06:10:18;79;462;;;;3951;0;0;0;0;0
2017-10-10 22:23:41;2017-10-11 06:00:29;80;456;;;;5912;0;0;0;0;0
2017-10-11 22:32:30;2017-10-12 06:10:39;71;458;;;;5314;0;0;0;0;0
2017-10-12 22:22:18;2017-10-13 06:37:05;79;494;;;;3240;0;0;0;0;0
2017-10-13 23:03:57;2017-10-14 08:15:03;88;551;;;;356;0;0;0;0;0
2017-10-14 22:58:56;2017-10-15 07:24:01;80;505;;;;388;0;0;0;0;0
2017-10-15 22:47:15;2017-10-16 05:56:41;69;429;;;;4287;0;0;0;0;0
2017-10-16 21:51:31;2017-10-17 06:01:21;74;489;;;;7129;0;0;0;0;0
2017-10-17 21:41:00;2017-10-18 06:02:24;78;501;;;;3342;0;0;0;0;0
2017-10-19 00:01:27;2017-10-19 06:02:24;60;360;;;;4074;0;0;0;0;0
2017-10-19 21:13:33;2017-10-20 06:14:02;100;540;;;;907;0;0;0;0;0
2017-10-21 00:05:16;2017-10-21 07:57:15;89;471;;;;5899;0;0;0;0;0
2017-10-22 00:25:34;2017-10-22 07:45:57;79;440;;;;71;0;0;0;0;0
2017-10-22 21:50:11;2017-10-23 06:00:36;82;490;;;;5210;0;0;0;0;0
2017-10-23 22:18:50;2017-10-24 06:01:49;65;462;;;;6636;0;0;0;0;0
2017-10-24 22:15:22;2017-10-25 06:06:53;83;471;;;;5355;0;0;0;0;0
2017-10-25 21:55:37;2017-10-26 06:00:46;65;485;;;;4119;0;0;0;0;0
2017-10-27 01:50:09;2017-10-27 06:51:31;59;301;;;;5364;0;0;0;0;0
2017-10-28 22:51:22;2017-10-29 07:51:27;91;540;;;;1097;0;0;0;0;0
2017-10-29 22:26:09;2017-10-30 06:00:41;78;454;;;;1430;0;0;0;0;0
2017-10-30 22:52:29;2017-10-31 05:43:44;62;411;;;;7603;0;0;0;0;0
2017-10-31 23:29:23;2017-11-01 05:02:58;49;333;;;;9304;0;0;0;0;0
2017-11-02 21:25:12;2017-11-03 06:21:18;74;536;;;;5051;0;0;0;0;0
2017-11-03 23:23:48;2017-11-04 07:26:48;89;482;;;;787;0;0;0;0;0
2017-11-05 22:30:18;2017-11-06 06:05:55;70;455;;;;5504;0;0;0;0;0
2017-11-06 22:08:49;2017-11-07 05:58:38;75;469;;;;3709;0;0;0;0;0
2017-11-07 21:01:59;2017-11-08 05:45:28;90;523;;;;144;0;0;0;0;0
2017-11-08 23:11:50;2017-11-09 06:30:07;76;438;;;;6094;0;0;0;0;0
2017-11-09 22:04:06;2017-11-10 07:15:12;96;551;;;;847;0;0;0;0;0
2017-11-10 23:29:46;2017-11-11 07:21:04;83;471;;;;5919;0;0;0;0;0
2017-11-11 23:06:26;2017-11-12 07:18:05;84;491;;;;1751;0;0;0;0;0
2017-11-12 23:39:58;2017-11-13 08:30:57;79;530;;;;3789;0;0;0;0;0
2017-11-14 21:16:47;2017-11-15 06:50:55;93;574;;;;52;0;0;0;0;0
2017-11-15 21:23:57;2017-11-16 06:51:33;85;567;;;;27;0;0;0;0;0
2017-11-16 22:33:27;2017-11-17 06:07:47;80;454;;;;430;0;0;0;0;0
2017-11-17 23:08:36;2017-11-18 07:20:32;91;491;;;;3281;0;0;0;0;0
2017-11-19 21:58:13;2017-11-20 06:02:13;82;484;;;;4153;0;0;0;0;0
2017-11-20 22:26:32;2017-11-21 06:00:14;86;453;;;;6494;0;0;0;0;0
2017-11-21 22:26:00;2017-11-22 05:57:08;68;451;;;;9426;0;0;0;0;0
2017-11-22 22:34:51;2017-11-23 06:01:17;80;446;;;;7565;0;0;0;0;0
2017-11-23 22:56:54;2017-11-24 06:30:05;80;453;;;;5735;0;0;0;0;0
2017-11-25 23:14:12;2017-11-26 08:19:42;100;545;;;;5116;0;0;0;0;0
2017-11-26 22:10:04;2017-11-27 06:05:57;63;475;;;;27;0;0;0;0;0
2017-11-27 22:36:02;2017-11-28 05:58:49;73;442;;;;0;0;0;0;0;0
2017-11-28 22:54:56;2017-11-29 06:09:22;80;434;;;;6417;0;0;0;0;0
2017-11-29 22:33:33;2017-11-30 06:26:26;83;472;;;;0;0;0;0;0;0
2017-11-30 20:54:34;2017-12-01 05:55:40;77;541;;;;0;0;0;0;0;0
2017-12-03 23:10:31;2017-12-04 06:15:51;63;425;;;;3400;0;0;0;0;0
2017-12-04 21:20:58;2017-12-05 05:50:36;70;509;;;;6015;0;0;0;0;0
2017-12-05 22:56:23;2017-12-06 06:15:35;68;439;;;;3179;0;0;0;0;0
2017-12-06 21:56:53;2017-12-07 05:50:15;63;473;;;;6346;0;0;0;0;0
2017-12-07 22:04:25;2017-12-08 06:31:39;82;507;;;;218;0;0;0;0;0
2017-12-09 23:39:39;2017-12-10 08:15:38;95;515;;;;0;0;0;0;0;0
2017-12-10 22:16:12;2017-12-11 06:06:04;70;469;;;;96;0;0;0;0;0
2017-12-11 21:47:09;2017-12-12 05:57:00;68;489;;;;7339;0;0;0;0;0
2017-12-12 22:09:55;2017-12-13 05:55:21;72;465;;;;6970;0;0;0;0;0
2017-12-14 22:47:44;2017-12-15 05:51:51;60;424;;;;1566;0;0;0;0;0
2017-12-17 21:35:13;2017-12-18 06:08:30;80;513;;;;5184;0;0;0;0;0
2017-12-18 21:39:40;2017-12-19 06:05:47;79;506;;;;75;0;0;0;0;0
2017-12-19 22:05:48;2017-12-20 06:25:53;79;500;;;;3088;0;0;0;0;0
2017-12-20 21:30:02;2017-12-21 05:52:44;59;502;;;;4553;0;0;0;0;0
2017-12-21 22:10:42;2017-12-22 06:55:22;75;524;;;;1306;0;0;0;0;0
2017-12-26 21:19:56;2017-12-27 07:55:33;97;635;;;;373;0;0;0;0;0
2017-12-29 00:06:23;2017-12-29 07:57:09;75;470;;;;5168;0;0;0;0;0
2017-12-29 22:00:17;2017-12-30 08:08:59;75;608;;;;61;0;0;0;0;0
2018-01-01 21:30:48;2018-01-02 05:56:47;81;505;;;;2544;0;0;0;0;0
2018-01-02 22:31:35;2018-01-03 05:48:52;76;437;;;;475;0;0;0;0;0
2018-01-04 22:19:49;2018-01-05 07:25:32;91;545;;;;5064;0;0;0;0;0
2018-01-06 23:13:54;2018-01-07 08:00:24;86;526;;;;2101;0;0;0;0;0
2018-01-07 22:09:01;2018-01-08 06:10:31;83;481;;;;1334;0;0;0;0;0
2018-01-08 22:53:56;2018-01-09 05:45:45;77;411;;;;2262;0;0;0;0;0
2018-01-09 22:22:48;2018-01-10 06:23:50;90;481;;;;4529;0;0;0;0;0
2018-01-10 21:31:25;2018-01-11 05:10:18;71;458;;;;6224;0;0;0;0;0
2018-01-11 21:54:18;2018-01-12 05:01:11;70;426;;;;47;0;0;0;0;0
2018-01-12 21:50:07;2018-01-13 07:38:38;70;588;;;;6296;0;0;0;0;0
2018-01-13 22:07:20;2018-01-14 07:09:23;64;542;;;;2405;0;0;0;0;0
2018-01-14 22:02:09;2018-01-15 05:50:20;73;468;;;;9237;0;0;0;0;0
2018-01-15 22:45:03;2018-01-16 06:00:21;79;435;;;;2818;0;0;0;0;0
2018-01-16 22:09:46;2018-01-17 06:01:27;71;471;;;;5752;0;0;0;0;0
2018-01-17 22:45:11;2018-01-18 06:12:22;84;447;;;;6631;0;0;0;0;0
2018-01-18 22:46:26;2018-01-19 06:48:42;59;482;;;;9516;0;0;0;0;0
2018-01-19 22:21:24;2018-01-20 08:22:57;71;601;;;;4454;0;0;0;0;0
2018-01-20 23:44:10;2018-01-21 07:01:39;67;437;;;;7253;0;0;0;0;0
2018-01-21 22:04:55;2018-01-22 06:01:48;84;476;;;;22;0;0;0;0;0
2018-01-22 23:15:57;2018-01-23 06:00:31;66;404;;;;2334;0;0;0;0;0
2018-01-23 21:41:50;2018-01-24 06:00:37;73;498;;;;2867;0;0;0;0;0
2018-01-24 20:58:39;2018-01-25 06:02:13;84;543;;;;4881;0;0;0;0;0
2018-01-25 23:17:03;2018-01-26 06:00:13;72;403;;;;2149;0;0;0;0;0
2018-01-26 22:13:41;2018-01-27 07:20:56;92;547;;;;1720;0;0;0;0;0
2018-01-28 01:21:47;2018-01-28 08:49:01;81;447;;;;6518;0;0;0;0;0
2018-01-28 21:30:54;2018-01-29 05:00:20;69;449;;;;29;0;0;0;0;0
2018-01-29 21:37:33;2018-01-30 06:01:01;79;503;;;;107;0;0;0;0;0
2018-01-30 22:18:44;2018-01-31 06:03:00;77;464;;;;5277;0;0;0;0;0
2018-01-31 22:29:56;2018-02-01 06:02:18;72;452;;;;1325;0;0;0;0;0
2018-02-01 21:25:06;2018-02-02 06:45:43;80;560;;;;3319;0;0;0;0;0
2018-02-03 02:20:39;2018-02-03 07:44:10;65;323;;;;4810;0;0;0;0;0
2018-02-03 22:29:00;2018-02-04 07:37:14;96;548;;;;362;0;0;0;0;0
2018-02-04 23:09:25;2018-02-05 06:01:30;72;412;;;;2528;0;0;0;0;0
2018-02-05 22:02:05;2018-02-06 06:00:17;78;478;;;;7982;0;0;0;0;0
2018-02-06 21:44:05;2018-02-07 06:12:59;82;508;;;;5039;0;0;0;0;0
2018-02-07 23:18:52;2018-02-08 06:48:07;73;449;;;;2435;0;0;0;0;0
2018-02-08 22:41:38;2018-02-09 06:00:24;93;438;;;;68;0;0;0;0;0
2018-02-09 23:07:55;2018-02-10 07:26:34;76;498;;;;5598;0;0;0;0;0
2018-02-11 22:44:25;2018-02-12 07:08:28;91;504;;;;1901;0;0;0;0;0
2018-02-12 21:54:14;2018-02-13 07:02:15;91;548;;;;56;0;0;0;0;0
2018-02-13 23:49:19;2018-02-14 07:00:53;81;431;;;;64;0;0;0;0;0
2018-02-14 21:24:05;2018-02-15 06:20:52;71;536;;;;3316;0;0;0;0;0
2018-02-15 21:36:32;2018-02-16 06:50:31;80;553;;;;6555;0;0;0;0;0
2018-02-16 22:52:29;2018-02-17 07:48:04;91;535;;;;2291;0;0;0;0;0
